bit,case_id,family,polarity,instructions,memory_operands,total_load_store,stack_ops,stack_loads,stack_stores,spills,reloads,spills_reload,frame_bytes,caller_save_traffic,callee_save_traffic,movs,leas,address_recomputations,pushes,pops,branches,calls,text_bytes
000,A01,indexed_memory,positive,1238,12,8,12,0,8,8,0,12,192,2,0,399,40,40,53,54,211,36,36912
000,A02,indexed_memory,positive,1248,11,9,11,0,9,9,0,11,176,2,0,401,41,41,53,54,214,36,37391
000,A03,indexed_memory,positive,1272,14,10,14,0,10,10,0,14,208,2,0,410,44,44,53,54,218,36,38464
000,A04,indexed_memory,positive,1306,14,10,14,0,10,10,0,14,192,2,0,414,49,49,53,54,230,36,40444
000,A05,indexed_memory,negative,1340,20,13,20,0,13,13,0,20,192,3,0,433,55,55,53,54,231,36,41501
000,A06,indexed_memory,negative,1238,12,8,12,0,8,8,0,12,224,2,0,399,40,40,53,54,211,36,36918
000,A07,scalar_replacement,positive,1198,6,5,6,0,5,5,0,6,176,1,0,381,33,33,53,54,205,36,35315
000,A08,scalar_replacement,positive,1238,12,8,12,0,8,8,0,12,176,2,0,399,40,40,53,54,211,36,36913
000,A09,scalar_replacement,positive,1319,15,11,15,0,11,11,0,15,192,2,0,420,51,51,53,54,233,36,40915
000,A10,scalar_replacement,positive,1254,10,8,10,0,8,8,0,10,192,1,0,394,40,40,53,54,222,36,38233
000,A11,scalar_replacement,negative,1335,25,16,25,2,14,14,2,25,224,6,0,427,53,53,54,54,233,37,41737
000,A12,scalar_replacement,negative,1179,11,7,11,2,5,5,2,11,160,1,0,374,32,32,53,54,202,36,34614
000,A13,register_pressure,positive,1479,39,38,39,4,34,34,4,39,320,1,8,484,64,64,53,54,259,36,47825
000,A14,register_pressure,positive,1446,64,56,64,12,44,44,12,64,352,25,0,481,60,60,54,54,252,37,46693
000,A15,register_pressure,positive,1300,11,10,11,0,10,10,0,11,192,1,0,403,46,46,53,54,236,36,40908
000,A16,register_pressure,positive,1286,23,18,23,4,14,14,4,23,224,4,5,411,44,44,54,54,223,37,39470
000,A17,register_pressure,negative,1290,24,19,24,4,15,15,4,24,224,9,0,411,45,45,55,54,223,38,39744
000,A18,register_pressure,negative,1296,25,20,25,4,16,16,4,25,224,5,4,415,45,45,54,54,225,37,39985
000,A19,localized_pressure,positive,1233,7,6,7,0,6,6,0,7,176,1,0,386,38,38,53,54,217,36,37319
000,A20,localized_pressure,positive,1300,11,10,11,0,10,10,0,11,192,1,0,403,46,46,53,54,236,36,40908
000,A21,localized_pressure,positive,1306,14,10,14,0,10,10,0,14,192,2,0,414,49,49,53,54,230,36,40444
000,A22,localized_pressure,positive,1259,9,8,9,0,8,8,0,9,192,1,0,395,41,41,53,54,222,36,38403
000,A23,localized_pressure,negative,1319,15,11,15,0,11,11,0,15,192,2,0,420,51,51,53,54,233,36,40915
000,A24,localized_pressure,negative,1254,10,8,10,0,8,8,0,10,192,1,0,394,40,40,53,54,222,36,38233
000,A25,constant_rematerialization,positive,1155,3,2,3,0,2,2,0,3,160,1,0,367,28,28,53,54,196,36,33302
000,A26,constant_rematerialization,positive,1219,7,5,7,0,5,5,0,7,176,1,0,382,36,36,53,54,215,36,36655
000,A27,constant_rematerialization,positive,1479,39,38,39,4,34,34,4,39,320,1,8,484,64,64,53,54,259,36,47825
000,A28,constant_rematerialization,positive,1480,40,39,40,4,35,35,4,40,320,1,8,485,64,64,53,54,259,36,47881
000,A29,constant_rematerialization,negative,1335,25,16,25,2,14,14,2,25,224,6,0,427,53,53,54,54,233,37,41737
000,A30,constant_rematerialization,negative,1259,9,8,9,0,8,8,0,9,192,1,0,395,41,41,53,54,222,36,38403
000,A31,loop_live_range,positive,1233,7,6,7,0,6,6,0,7,176,1,0,386,38,38,53,54,217,36,37319
000,A32,loop_live_range,positive,1300,11,10,11,0,10,10,0,11,192,1,0,403,46,46,53,54,236,36,40908
000,A33,loop_live_range,positive,1306,14,10,14,0,10,10,0,14,192,2,0,414,49,49,53,54,230,36,40444
000,A34,loop_live_range,positive,1249,7,6,7,0,6,6,0,7,176,1,0,391,40,40,53,54,220,36,37896
000,A35,loop_live_range,negative,1259,9,8,9,0,8,8,0,9,192,1,0,395,41,41,53,54,222,36,38403
000,A36,loop_live_range,negative,1479,39,38,39,4,34,34,4,39,320,1,8,484,64,64,53,54,259,36,47825
000,A37,calls_abi,positive,1155,3,2,3,0,2,2,0,3,160,1,0,367,28,28,53,54,196,36,33302
000,A38,calls_abi,positive,1235,14,11,14,2,9,9,2,14,192,5,0,393,38,38,54,54,212,37,37032
000,A39,calls_abi,positive,1290,24,19,24,4,15,15,4,24,224,9,0,411,45,45,55,54,223,38,39744
000,A40,calls_abi,positive,1286,23,18,23,4,14,14,4,23,224,4,5,411,44,44,54,54,223,37,39470
000,A41,calls_abi,negative,1446,64,56,64,12,44,44,12,64,352,25,0,481,60,60,54,54,252,37,46693
000,A42,calls_abi,negative,1290,24,19,24,4,15,15,4,24,224,9,0,411,45,45,55,54,223,38,39707
000,A43,references_aliasing,negative,1179,11,7,11,2,5,5,2,11,160,1,0,374,32,32,53,54,202,36,34614
000,A44,references_aliasing,negative,1179,11,7,11,2,5,5,2,11,160,1,0,374,32,32,53,54,202,36,34614
000,A45,references_aliasing,negative,1179,11,7,11,2,5,5,2,11,160,1,0,374,32,32,53,54,202,36,34615
000,A46,references_aliasing,negative,1335,25,16,25,2,14,14,2,25,224,6,0,427,53,53,54,54,233,37,41737
000,A47,references_aliasing,negative,1340,20,13,20,0,13,13,0,20,192,3,0,433,55,55,53,54,231,36,41501
000,A48,references_aliasing,negative,1319,15,11,15,0,11,11,0,15,192,2,0,420,51,51,53,54,233,36,40915
000,A49,mixed_realistic,positive,1335,25,16,25,2,14,14,2,25,224,6,0,427,53,53,54,54,233,37,41737
000,A50,mixed_realistic,positive,1296,25,20,25,4,16,16,4,25,224,5,4,415,45,45,54,54,225,37,39985
000,A51,mixed_realistic,positive,1290,24,19,24,4,15,15,4,24,224,9,0,411,45,45,55,54,223,38,39707
000,A52,mixed_realistic,positive,1319,15,11,15,0,11,11,0,15,192,2,0,420,51,51,53,54,233,36,40915
000,A53,mixed_realistic,negative,1340,20,13,20,0,13,13,0,20,192,3,0,433,55,55,53,54,231,36,41501
000,A54,mixed_realistic,negative,1272,14,10,14,0,10,10,0,14,208,2,0,410,44,44,53,54,218,36,38464
000,A55,negative_control,negative,1155,3,2,3,0,2,2,0,3,160,1,0,367,28,28,53,54,196,36,33302
000,A56,negative_control,negative,1155,3,2,3,0,2,2,0,3,160,1,0,367,28,28,53,54,196,36,33302
000,A57,negative_control,negative,1179,11,7,11,2,5,5,2,11,160,1,0,374,32,32,53,54,202,36,34615
000,A58,negative_control,negative,1179,11,7,11,2,5,5,2,11,160,1,0,374,32,32,53,54,202,36,34614
000,A59,negative_control,negative,1219,7,5,7,0,5,5,0,7,176,1,0,382,36,36,53,54,215,36,36655
000,A60,negative_control,negative,1238,12,8,12,0,8,8,0,12,224,2,0,399,40,40,53,54,211,36,36918
001,A01,indexed_memory,positive,1238,12,8,12,0,8,8,0,12,192,2,0,399,40,40,53,54,211,36,36912
001,A02,indexed_memory,positive,1248,11,9,11,0,9,9,0,11,176,2,0,401,41,41,53,54,214,36,37391
001,A03,indexed_memory,positive,1272,14,10,14,0,10,10,0,14,208,2,0,410,44,44,53,54,218,36,38464
001,A04,indexed_memory,positive,1306,14,10,14,0,10,10,0,14,192,2,0,414,49,49,53,54,230,36,40444
001,A05,indexed_memory,negative,1340,20,13,20,0,13,13,0,20,192,3,0,433,55,55,53,54,231,36,41501
001,A06,indexed_memory,negative,1238,12,8,12,0,8,8,0,12,224,2,0,399,40,40,53,54,211,36,36918
001,A07,scalar_replacement,positive,1198,6,5,6,0,5,5,0,6,176,1,0,381,33,33,53,54,205,36,35315
001,A08,scalar_replacement,positive,1238,12,8,12,0,8,8,0,12,176,2,0,399,40,40,53,54,211,36,36913
001,A09,scalar_replacement,positive,1319,15,11,15,0,11,11,0,15,192,2,0,420,51,51,53,54,233,36,40915
001,A10,scalar_replacement,positive,1254,10,8,10,0,8,8,0,10,192,1,0,394,40,40,53,54,222,36,38233
001,A11,scalar_replacement,negative,1335,25,16,25,2,14,14,2,25,224,6,0,427,53,53,54,54,233,37,41737
001,A12,scalar_replacement,negative,1179,11,7,11,2,5,5,2,11,160,1,0,374,32,32,53,54,202,36,34614
001,A13,register_pressure,positive,1479,39,38,39,4,34,34,4,39,320,1,8,484,64,64,53,54,259,36,47825
001,A14,register_pressure,positive,1446,64,56,64,12,44,44,12,64,352,25,0,481,60,60,54,54,252,37,46703
001,A15,register_pressure,positive,1300,11,10,11,0,10,10,0,11,192,1,0,403,46,46,53,54,236,36,40908
001,A16,register_pressure,positive,1286,23,18,23,4,14,14,4,23,224,4,5,411,44,44,54,54,223,37,39470
001,A17,register_pressure,negative,1290,24,19,24,4,15,15,4,24,224,9,0,411,45,45,55,54,223,38,39744
001,A18,register_pressure,negative,1296,25,20,25,4,16,16,4,25,224,5,4,415,45,45,54,54,225,37,39985
001,A19,localized_pressure,positive,1233,7,6,7,0,6,6,0,7,176,1,0,386,38,38,53,54,217,36,37319
001,A20,localized_pressure,positive,1300,11,10,11,0,10,10,0,11,192,1,0,403,46,46,53,54,236,36,40908
001,A21,localized_pressure,positive,1306,14,10,14,0,10,10,0,14,192,2,0,414,49,49,53,54,230,36,40444
001,A22,localized_pressure,positive,1259,9,8,9,0,8,8,0,9,192,1,0,395,41,41,53,54,222,36,38403
001,A23,localized_pressure,negative,1319,15,11,15,0,11,11,0,15,192,2,0,420,51,51,53,54,233,36,40915
001,A24,localized_pressure,negative,1254,10,8,10,0,8,8,0,10,192,1,0,394,40,40,53,54,222,36,38233
001,A25,constant_rematerialization,positive,1155,3,2,3,0,2,2,0,3,160,1,0,367,28,28,53,54,196,36,33302
001,A26,constant_rematerialization,positive,1219,7,5,7,0,5,5,0,7,176,1,0,382,36,36,53,54,215,36,36655
001,A27,constant_rematerialization,positive,1479,39,38,39,4,34,34,4,39,320,1,8,484,64,64,53,54,259,36,47825
001,A28,constant_rematerialization,positive,1480,40,39,40,4,35,35,4,40,320,1,8,485,64,64,53,54,259,36,47881
001,A29,constant_rematerialization,negative,1335,25,16,25,2,14,14,2,25,224,6,0,427,53,53,54,54,233,37,41737
001,A30,constant_rematerialization,negative,1259,9,8,9,0,8,8,0,9,192,1,0,395,41,41,53,54,222,36,38403
001,A31,loop_live_range,positive,1233,7,6,7,0,6,6,0,7,176,1,0,386,38,38,53,54,217,36,37319
001,A32,loop_live_range,positive,1300,11,10,11,0,10,10,0,11,192,1,0,403,46,46,53,54,236,36,40908
001,A33,loop_live_range,positive,1306,14,10,14,0,10,10,0,14,192,2,0,414,49,49,53,54,230,36,40444
001,A34,loop_live_range,positive,1249,7,6,7,0,6,6,0,7,176,1,0,391,40,40,53,54,220,36,37896
001,A35,loop_live_range,negative,1259,9,8,9,0,8,8,0,9,192,1,0,395,41,41,53,54,222,36,38403
001,A36,loop_live_range,negative,1479,39,38,39,4,34,34,4,39,320,1,8,484,64,64,53,54,259,36,47825
001,A37,calls_abi,positive,1155,3,2,3,0,2,2,0,3,160,1,0,367,28,28,53,54,196,36,33302
001,A38,calls_abi,positive,1235,14,11,14,2,9,9,2,14,192,5,0,393,38,38,54,54,212,37,37032
001,A39,calls_abi,positive,1290,24,19,24,4,15,15,4,24,224,9,0,411,45,45,55,54,223,38,39744
001,A40,calls_abi,positive,1286,23,18,23,4,14,14,4,23,224,4,5,411,44,44,54,54,223,37,39470
001,A41,calls_abi,negative,1446,64,56,64,12,44,44,12,64,352,25,0,481,60,60,54,54,252,37,46703
001,A42,calls_abi,negative,1290,24,19,24,4,15,15,4,24,224,9,0,411,45,45,55,54,223,38,39707
001,A43,references_aliasing,negative,1179,11,7,11,2,5,5,2,11,160,1,0,374,32,32,53,54,202,36,34614
001,A44,references_aliasing,negative,1179,11,7,11,2,5,5,2,11,160,1,0,374,32,32,53,54,202,36,34614
001,A45,references_aliasing,negative,1179,11,7,11,2,5,5,2,11,160,1,0,374,32,32,53,54,202,36,34615
001,A46,references_aliasing,negative,1335,25,16,25,2,14,14,2,25,224,6,0,427,53,53,54,54,233,37,41737
001,A47,references_aliasing,negative,1340,20,13,20,0,13,13,0,20,192,3,0,433,55,55,53,54,231,36,41501
001,A48,references_aliasing,negative,1319,15,11,15,0,11,11,0,15,192,2,0,420,51,51,53,54,233,36,40915
001,A49,mixed_realistic,positive,1335,25,16,25,2,14,14,2,25,224,6,0,427,53,53,54,54,233,37,41737
001,A50,mixed_realistic,positive,1296,25,20,25,4,16,16,4,25,224,5,4,415,45,45,54,54,225,37,39985
001,A51,mixed_realistic,positive,1290,24,19,24,4,15,15,4,24,224,9,0,411,45,45,55,54,223,38,39707
001,A52,mixed_realistic,positive,1319,15,11,15,0,11,11,0,15,192,2,0,420,51,51,53,54,233,36,40915
001,A53,mixed_realistic,negative,1340,20,13,20,0,13,13,0,20,192,3,0,433,55,55,53,54,231,36,41501
001,A54,mixed_realistic,negative,1272,14,10,14,0,10,10,0,14,208,2,0,410,44,44,53,54,218,36,38464
001,A55,negative_control,negative,1155,3,2,3,0,2,2,0,3,160,1,0,367,28,28,53,54,196,36,33302
001,A56,negative_control,negative,1155,3,2,3,0,2,2,0,3,160,1,0,367,28,28,53,54,196,36,33302
001,A57,negative_control,negative,1179,11,7,11,2,5,5,2,11,160,1,0,374,32,32,53,54,202,36,34615
001,A58,negative_control,negative,1179,11,7,11,2,5,5,2,11,160,1,0,374,32,32,53,54,202,36,34614
001,A59,negative_control,negative,1219,7,5,7,0,5,5,0,7,176,1,0,382,36,36,53,54,215,36,36655
001,A60,negative_control,negative,1238,12,8,12,0,8,8,0,12,224,2,0,399,40,40,53,54,211,36,36918
010,A01,indexed_memory,positive,1238,12,8,12,0,8,8,0,12,192,2,0,399,40,40,53,54,211,36,36912
010,A02,indexed_memory,positive,1248,11,9,11,0,9,9,0,11,176,2,0,401,41,41,53,54,214,36,37391
010,A03,indexed_memory,positive,1272,14,10,14,0,10,10,0,14,208,2,0,410,44,44,53,54,218,36,38464
010,A04,indexed_memory,positive,1306,14,10,14,0,10,10,0,14,192,2,0,414,49,49,53,54,230,36,40444
010,A05,indexed_memory,negative,1340,20,13,20,0,13,13,0,20,192,3,0,433,55,55,53,54,231,36,41501
010,A06,indexed_memory,negative,1238,12,8,12,0,8,8,0,12,224,2,0,399,40,40,53,54,211,36,36918
010,A07,scalar_replacement,positive,1198,6,5,6,0,5,5,0,6,176,1,0,381,33,33,53,54,205,36,35315
010,A08,scalar_replacement,positive,1243,11,7,11,0,7,7,0,11,176,2,0,399,41,41,53,54,213,36,37206
010,A09,scalar_replacement,positive,1319,15,11,15,0,11,11,0,15,192,2,0,420,51,51,53,54,233,36,40915
010,A10,scalar_replacement,positive,1254,10,8,10,0,8,8,0,10,192,1,0,394,40,40,53,54,222,36,38233
010,A11,scalar_replacement,negative,1335,25,16,25,2,14,14,2,25,224,6,0,427,53,53,54,54,233,37,41737
010,A12,scalar_replacement,negative,1179,11,7,11,2,5,5,2,11,160,1,0,374,32,32,53,54,202,36,34614
010,A13,register_pressure,positive,1479,39,38,39,4,34,34,4,39,320,1,8,484,64,64,53,54,259,36,47825
010,A14,register_pressure,positive,1446,64,56,64,12,44,44,12,64,352,25,0,481,60,60,54,54,252,37,46693
010,A15,register_pressure,positive,1300,11,10,11,0,10,10,0,11,192,1,0,403,46,46,53,54,236,36,40908
010,A16,register_pressure,positive,1286,23,18,23,4,14,14,4,23,224,4,5,411,44,44,54,54,223,37,39470
010,A17,register_pressure,negative,1290,24,19,24,4,15,15,4,24,224,9,0,411,45,45,55,54,223,38,39744
010,A18,register_pressure,negative,1296,25,20,25,4,16,16,4,25,224,5,4,415,45,45,54,54,225,37,39985
010,A19,localized_pressure,positive,1233,7,6,7,0,6,6,0,7,176,1,0,386,38,38,53,54,217,36,37319
010,A20,localized_pressure,positive,1300,11,10,11,0,10,10,0,11,192,1,0,403,46,46,53,54,236,36,40908
010,A21,localized_pressure,positive,1306,14,10,14,0,10,10,0,14,192,2,0,414,49,49,53,54,230,36,40444
010,A22,localized_pressure,positive,1259,9,8,9,0,8,8,0,9,192,1,0,395,41,41,53,54,222,36,38403
010,A23,localized_pressure,negative,1319,15,11,15,0,11,11,0,15,192,2,0,420,51,51,53,54,233,36,40915
010,A24,localized_pressure,negative,1254,10,8,10,0,8,8,0,10,192,1,0,394,40,40,53,54,222,36,38233
010,A25,constant_rematerialization,positive,1155,3,2,3,0,2,2,0,3,160,1,0,367,28,28,53,54,196,36,33302
010,A26,constant_rematerialization,positive,1219,7,5,7,0,5,5,0,7,176,1,0,382,36,36,53,54,215,36,36655
010,A27,constant_rematerialization,positive,1479,39,38,39,4,34,34,4,39,320,1,8,484,64,64,53,54,259,36,47825
010,A28,constant_rematerialization,positive,1480,40,39,40,4,35,35,4,40,320,1,8,485,64,64,53,54,259,36,47881
010,A29,constant_rematerialization,negative,1335,25,16,25,2,14,14,2,25,224,6,0,427,53,53,54,54,233,37,41737
010,A30,constant_rematerialization,negative,1259,9,8,9,0,8,8,0,9,192,1,0,395,41,41,53,54,222,36,38403
010,A31,loop_live_range,positive,1233,7,6,7,0,6,6,0,7,176,1,0,386,38,38,53,54,217,36,37319
010,A32,loop_live_range,positive,1300,11,10,11,0,10,10,0,11,192,1,0,403,46,46,53,54,236,36,40908
010,A33,loop_live_range,positive,1306,14,10,14,0,10,10,0,14,192,2,0,414,49,49,53,54,230,36,40444
010,A34,loop_live_range,positive,1249,7,6,7,0,6,6,0,7,176,1,0,391,40,40,53,54,220,36,37896
010,A35,loop_live_range,negative,1259,9,8,9,0,8,8,0,9,192,1,0,395,41,41,53,54,222,36,38403
010,A36,loop_live_range,negative,1479,39,38,39,4,34,34,4,39,320,1,8,484,64,64,53,54,259,36,47825
010,A37,calls_abi,positive,1155,3,2,3,0,2,2,0,3,160,1,0,367,28,28,53,54,196,36,33302
010,A38,calls_abi,positive,1235,14,11,14,2,9,9,2,14,192,5,0,393,38,38,54,54,212,37,37032
010,A39,calls_abi,positive,1290,24,19,24,4,15,15,4,24,224,9,0,411,45,45,55,54,223,38,39744
010,A40,calls_abi,positive,1286,23,18,23,4,14,14,4,23,224,4,5,411,44,44,54,54,223,37,39470
010,A41,calls_abi,negative,1446,64,56,64,12,44,44,12,64,352,25,0,481,60,60,54,54,252,37,46693
010,A42,calls_abi,negative,1290,24,19,24,4,15,15,4,24,224,9,0,411,45,45,55,54,223,38,39707
010,A43,references_aliasing,negative,1179,11,7,11,2,5,5,2,11,160,1,0,374,32,32,53,54,202,36,34614
010,A44,references_aliasing,negative,1179,11,7,11,2,5,5,2,11,160,1,0,374,32,32,53,54,202,36,34614
010,A45,references_aliasing,negative,1179,11,7,11,2,5,5,2,11,160,1,0,374,32,32,53,54,202,36,34615
010,A46,references_aliasing,negative,1335,25,16,25,2,14,14,2,25,224,6,0,427,53,53,54,54,233,37,41737
010,A47,references_aliasing,negative,1340,20,13,20,0,13,13,0,20,192,3,0,433,55,55,53,54,231,36,41501
010,A48,references_aliasing,negative,1319,15,11,15,0,11,11,0,15,192,2,0,420,51,51,53,54,233,36,40915
010,A49,mixed_realistic,positive,1335,25,16,25,2,14,14,2,25,224,6,0,427,53,53,54,54,233,37,41737
010,A50,mixed_realistic,positive,1296,25,20,25,4,16,16,4,25,224,5,4,415,45,45,54,54,225,37,39985
010,A51,mixed_realistic,positive,1290,24,19,24,4,15,15,4,24,224,9,0,411,45,45,55,54,223,38,39707
010,A52,mixed_realistic,positive,1319,15,11,15,0,11,11,0,15,192,2,0,420,51,51,53,54,233,36,40915
010,A53,mixed_realistic,negative,1340,20,13,20,0,13,13,0,20,192,3,0,433,55,55,53,54,231,36,41501
010,A54,mixed_realistic,negative,1272,14,10,14,0,10,10,0,14,208,2,0,410,44,44,53,54,218,36,38464
010,A55,negative_control,negative,1155,3,2,3,0,2,2,0,3,160,1,0,367,28,28,53,54,196,36,33302
010,A56,negative_control,negative,1155,3,2,3,0,2,2,0,3,160,1,0,367,28,28,53,54,196,36,33302
010,A57,negative_control,negative,1179,11,7,11,2,5,5,2,11,160,1,0,374,32,32,53,54,202,36,34615
010,A58,negative_control,negative,1179,11,7,11,2,5,5,2,11,160,1,0,374,32,32,53,54,202,36,34614
010,A59,negative_control,negative,1219,7,5,7,0,5,5,0,7,176,1,0,382,36,36,53,54,215,36,36655
010,A60,negative_control,negative,1238,12,8,12,0,8,8,0,12,224,2,0,399,40,40,53,54,211,36,36918
011,A01,indexed_memory,positive,1238,12,8,12,0,8,8,0,12,192,2,0,399,40,40,53,54,211,36,36912
011,A02,indexed_memory,positive,1248,11,9,11,0,9,9,0,11,176,2,0,401,41,41,53,54,214,36,37391
011,A03,indexed_memory,positive,1272,14,10,14,0,10,10,0,14,208,2,0,410,44,44,53,54,218,36,38464
011,A04,indexed_memory,positive,1306,14,10,14,0,10,10,0,14,192,2,0,414,49,49,53,54,230,36,40444
011,A05,indexed_memory,negative,1340,20,13,20,0,13,13,0,20,192,3,0,433,55,55,53,54,231,36,41501
011,A06,indexed_memory,negative,1238,12,8,12,0,8,8,0,12,224,2,0,399,40,40,53,54,211,36,36918
011,A07,scalar_replacement,positive,1198,6,5,6,0,5,5,0,6,176,1,0,381,33,33,53,54,205,36,35315
011,A08,scalar_replacement,positive,1243,11,7,11,0,7,7,0,11,176,2,0,399,41,41,53,54,213,36,37206
011,A09,scalar_replacement,positive,1319,15,11,15,0,11,11,0,15,192,2,0,420,51,51,53,54,233,36,40915
011,A10,scalar_replacement,positive,1254,10,8,10,0,8,8,0,10,192,1,0,394,40,40,53,54,222,36,38233
011,A11,scalar_replacement,negative,1335,25,16,25,2,14,14,2,25,224,6,0,427,53,53,54,54,233,37,41737
011,A12,scalar_replacement,negative,1179,11,7,11,2,5,5,2,11,160,1,0,374,32,32,53,54,202,36,34614
011,A13,register_pressure,positive,1479,39,38,39,4,34,34,4,39,320,1,8,484,64,64,53,54,259,36,47825
011,A14,register_pressure,positive,1446,64,56,64,12,44,44,12,64,352,25,0,481,60,60,54,54,252,37,46703
011,A15,register_pressure,positive,1300,11,10,11,0,10,10,0,11,192,1,0,403,46,46,53,54,236,36,40908
011,A16,register_pressure,positive,1286,23,18,23,4,14,14,4,23,224,4,5,411,44,44,54,54,223,37,39470
011,A17,register_pressure,negative,1290,24,19,24,4,15,15,4,24,224,9,0,411,45,45,55,54,223,38,39744
011,A18,register_pressure,negative,1296,25,20,25,4,16,16,4,25,224,5,4,415,45,45,54,54,225,37,39985
011,A19,localized_pressure,positive,1233,7,6,7,0,6,6,0,7,176,1,0,386,38,38,53,54,217,36,37319
011,A20,localized_pressure,positive,1300,11,10,11,0,10,10,0,11,192,1,0,403,46,46,53,54,236,36,40908
011,A21,localized_pressure,positive,1306,14,10,14,0,10,10,0,14,192,2,0,414,49,49,53,54,230,36,40444
011,A22,localized_pressure,positive,1259,9,8,9,0,8,8,0,9,192,1,0,395,41,41,53,54,222,36,38403
011,A23,localized_pressure,negative,1319,15,11,15,0,11,11,0,15,192,2,0,420,51,51,53,54,233,36,40915
011,A24,localized_pressure,negative,1254,10,8,10,0,8,8,0,10,192,1,0,394,40,40,53,54,222,36,38233
011,A25,constant_rematerialization,positive,1155,3,2,3,0,2,2,0,3,160,1,0,367,28,28,53,54,196,36,33302
011,A26,constant_rematerialization,positive,1219,7,5,7,0,5,5,0,7,176,1,0,382,36,36,53,54,215,36,36655
011,A27,constant_rematerialization,positive,1479,39,38,39,4,34,34,4,39,320,1,8,484,64,64,53,54,259,36,47825
011,A28,constant_rematerialization,positive,1480,40,39,40,4,35,35,4,40,320,1,8,485,64,64,53,54,259,36,47881
011,A29,constant_rematerialization,negative,1335,25,16,25,2,14,14,2,25,224,6,0,427,53,53,54,54,233,37,41737
011,A30,constant_rematerialization,negative,1259,9,8,9,0,8,8,0,9,192,1,0,395,41,41,53,54,222,36,38403
011,A31,loop_live_range,positive,1233,7,6,7,0,6,6,0,7,176,1,0,386,38,38,53,54,217,36,37319
011,A32,loop_live_range,positive,1300,11,10,11,0,10,10,0,11,192,1,0,403,46,46,53,54,236,36,40908
011,A33,loop_live_range,positive,1306,14,10,14,0,10,10,0,14,192,2,0,414,49,49,53,54,230,36,40444
011,A34,loop_live_range,positive,1249,7,6,7,0,6,6,0,7,176,1,0,391,40,40,53,54,220,36,37896
011,A35,loop_live_range,negative,1259,9,8,9,0,8,8,0,9,192,1,0,395,41,41,53,54,222,36,38403
011,A36,loop_live_range,negative,1479,39,38,39,4,34,34,4,39,320,1,8,484,64,64,53,54,259,36,47825
011,A37,calls_abi,positive,1155,3,2,3,0,2,2,0,3,160,1,0,367,28,28,53,54,196,36,33302
011,A38,calls_abi,positive,1235,14,11,14,2,9,9,2,14,192,5,0,393,38,38,54,54,212,37,37032
011,A39,calls_abi,positive,1290,24,19,24,4,15,15,4,24,224,9,0,411,45,45,55,54,223,38,39744
011,A40,calls_abi,positive,1286,23,18,23,4,14,14,4,23,224,4,5,411,44,44,54,54,223,37,39470
011,A41,calls_abi,negative,1446,64,56,64,12,44,44,12,64,352,25,0,481,60,60,54,54,252,37,46703
011,A42,calls_abi,negative,1290,24,19,24,4,15,15,4,24,224,9,0,411,45,45,55,54,223,38,39707
011,A43,references_aliasing,negative,1179,11,7,11,2,5,5,2,11,160,1,0,374,32,32,53,54,202,36,34614
011,A44,references_aliasing,negative,1179,11,7,11,2,5,5,2,11,160,1,0,374,32,32,53,54,202,36,34614
011,A45,references_aliasing,negative,1179,11,7,11,2,5,5,2,11,160,1,0,374,32,32,53,54,202,36,34615
011,A46,references_aliasing,negative,1335,25,16,25,2,14,14,2,25,224,6,0,427,53,53,54,54,233,37,41737
011,A47,references_aliasing,negative,1340,20,13,20,0,13,13,0,20,192,3,0,433,55,55,53,54,231,36,41501
011,A48,references_aliasing,negative,1319,15,11,15,0,11,11,0,15,192,2,0,420,51,51,53,54,233,36,40915
011,A49,mixed_realistic,positive,1335,25,16,25,2,14,14,2,25,224,6,0,427,53,53,54,54,233,37,41737
011,A50,mixed_realistic,positive,1296,25,20,25,4,16,16,4,25,224,5,4,415,45,45,54,54,225,37,39985
011,A51,mixed_realistic,positive,1290,24,19,24,4,15,15,4,24,224,9,0,411,45,45,55,54,223,38,39707
011,A52,mixed_realistic,positive,1319,15,11,15,0,11,11,0,15,192,2,0,420,51,51,53,54,233,36,40915
011,A53,mixed_realistic,negative,1340,20,13,20,0,13,13,0,20,192,3,0,433,55,55,53,54,231,36,41501
011,A54,mixed_realistic,negative,1272,14,10,14,0,10,10,0,14,208,2,0,410,44,44,53,54,218,36,38464
011,A55,negative_control,negative,1155,3,2,3,0,2,2,0,3,160,1,0,367,28,28,53,54,196,36,33302
011,A56,negative_control,negative,1155,3,2,3,0,2,2,0,3,160,1,0,367,28,28,53,54,196,36,33302
011,A57,negative_control,negative,1179,11,7,11,2,5,5,2,11,160,1,0,374,32,32,53,54,202,36,34615
011,A58,negative_control,negative,1179,11,7,11,2,5,5,2,11,160,1,0,374,32,32,53,54,202,36,34614
011,A59,negative_control,negative,1219,7,5,7,0,5,5,0,7,176,1,0,382,36,36,53,54,215,36,36655
011,A60,negative_control,negative,1238,12,8,12,0,8,8,0,12,224,2,0,399,40,40,53,54,211,36,36918
100,A01,indexed_memory,positive,1236,12,8,12,0,8,8,0,12,192,6,0,397,40,40,53,54,211,36,36878
100,A02,indexed_memory,positive,1246,11,9,11,0,9,9,0,11,176,6,0,399,41,41,53,54,214,36,37357
100,A03,indexed_memory,positive,1270,14,10,14,0,10,10,0,14,208,6,0,408,44,44,53,54,218,36,38430
100,A04,indexed_memory,positive,1304,14,10,14,0,10,10,0,14,192,6,0,412,49,49,53,54,230,36,40410
100,A05,indexed_memory,negative,1336,20,13,20,0,13,13,0,20,192,11,0,429,55,55,53,54,231,36,41433
100,A06,indexed_memory,negative,1236,12,8,12,0,8,8,0,12,224,6,0,397,40,40,53,54,211,36,36884
100,A07,scalar_replacement,positive,1198,6,5,6,0,5,5,0,6,176,1,0,381,33,33,53,54,205,36,35315
100,A08,scalar_replacement,positive,1236,12,8,12,0,8,8,0,12,176,6,0,397,40,40,53,54,211,36,36879
100,A09,scalar_replacement,positive,1316,15,11,15,0,11,11,0,15,192,8,0,417,51,51,53,54,233,36,40864
100,A10,scalar_replacement,positive,1254,10,8,10,0,8,8,0,10,192,1,0,394,40,40,53,54,222,36,38233
100,A11,scalar_replacement,negative,1333,25,16,25,2,14,14,2,25,224,10,0,425,53,53,54,54,233,37,41703
100,A12,scalar_replacement,negative,1179,11,7,11,2,5,5,2,11,160,1,0,374,32,32,53,54,202,36,34614
100,A13,register_pressure,positive,1479,39,38,39,4,34,34,4,39,320,1,8,484,64,64,53,54,259,36,47825
100,A14,register_pressure,positive,1446,64,56,64,12,44,44,12,64,352,25,0,481,60,60,54,54,252,37,46693
100,A15,register_pressure,positive,1300,11,10,11,0,10,10,0,11,192,1,0,403,46,46,53,54,236,36,40908
100,A16,register_pressure,positive,1286,23,18,23,4,14,14,4,23,224,4,5,411,44,44,54,54,223,37,39470
100,A17,register_pressure,negative,1290,24,19,24,4,15,15,4,24,224,9,0,411,45,45,55,54,223,38,39744
100,A18,register_pressure,negative,1296,25,20,25,4,16,16,4,25,224,5,4,415,45,45,54,54,225,37,39985
100,A19,localized_pressure,positive,1233,7,6,7,0,6,6,0,7,176,1,0,386,38,38,53,54,217,36,37319
100,A20,localized_pressure,positive,1300,11,10,11,0,10,10,0,11,192,1,0,403,46,46,53,54,236,36,40908
100,A21,localized_pressure,positive,1304,14,10,14,0,10,10,0,14,192,6,0,412,49,49,53,54,230,36,40410
100,A22,localized_pressure,positive,1259,9,8,9,0,8,8,0,9,192,1,0,395,41,41,53,54,222,36,38403
100,A23,localized_pressure,negative,1316,15,11,15,0,11,11,0,15,192,8,0,417,51,51,53,54,233,36,40864
100,A24,localized_pressure,negative,1254,10,8,10,0,8,8,0,10,192,1,0,394,40,40,53,54,222,36,38233
100,A25,constant_rematerialization,positive,1155,3,2,3,0,2,2,0,3,160,1,0,367,28,28,53,54,196,36,33302
100,A26,constant_rematerialization,positive,1219,7,5,7,0,5,5,0,7,176,1,0,382,36,36,53,54,215,36,36655
100,A27,constant_rematerialization,positive,1479,39,38,39,4,34,34,4,39,320,1,8,484,64,64,53,54,259,36,47825
100,A28,constant_rematerialization,positive,1480,40,39,40,4,35,35,4,40,320,1,8,485,64,64,53,54,259,36,47881
100,A29,constant_rematerialization,negative,1333,25,16,25,2,14,14,2,25,224,10,0,425,53,53,54,54,233,37,41703
100,A30,constant_rematerialization,negative,1259,9,8,9,0,8,8,0,9,192,1,0,395,41,41,53,54,222,36,38403
100,A31,loop_live_range,positive,1233,7,6,7,0,6,6,0,7,176,1,0,386,38,38,53,54,217,36,37319
100,A32,loop_live_range,positive,1300,11,10,11,0,10,10,0,11,192,1,0,403,46,46,53,54,236,36,40908
100,A33,loop_live_range,positive,1304,14,10,14,0,10,10,0,14,192,6,0,412,49,49,53,54,230,36,40410
100,A34,loop_live_range,positive,1249,7,6,7,0,6,6,0,7,176,1,0,391,40,40,53,54,220,36,37896
100,A35,loop_live_range,negative,1259,9,8,9,0,8,8,0,9,192,1,0,395,41,41,53,54,222,36,38403
100,A36,loop_live_range,negative,1479,39,38,39,4,34,34,4,39,320,1,8,484,64,64,53,54,259,36,47825
100,A37,calls_abi,positive,1155,3,2,3,0,2,2,0,3,160,1,0,367,28,28,53,54,196,36,33302
100,A38,calls_abi,positive,1235,14,11,14,2,9,9,2,14,192,5,0,393,38,38,54,54,212,37,37032
100,A39,calls_abi,positive,1290,24,19,24,4,15,15,4,24,224,9,0,411,45,45,55,54,223,38,39744
100,A40,calls_abi,positive,1286,23,18,23,4,14,14,4,23,224,4,5,411,44,44,54,54,223,37,39470
100,A41,calls_abi,negative,1446,64,56,64,12,44,44,12,64,352,25,0,481,60,60,54,54,252,37,46693
100,A42,calls_abi,negative,1290,24,19,24,4,15,15,4,24,224,9,0,411,45,45,55,54,223,38,39707
100,A43,references_aliasing,negative,1179,11,7,11,2,5,5,2,11,160,1,0,374,32,32,53,54,202,36,34614
100,A44,references_aliasing,negative,1179,11,7,11,2,5,5,2,11,160,1,0,374,32,32,53,54,202,36,34614
100,A45,references_aliasing,negative,1179,11,7,11,2,5,5,2,11,160,1,0,374,32,32,53,54,202,36,34615
100,A46,references_aliasing,negative,1333,25,16,25,2,14,14,2,25,224,10,0,425,53,53,54,54,233,37,41703
100,A47,references_aliasing,negative,1336,20,13,20,0,13,13,0,20,192,11,0,429,55,55,53,54,231,36,41433
100,A48,references_aliasing,negative,1316,15,11,15,0,11,11,0,15,192,8,0,417,51,51,53,54,233,36,40864
100,A49,mixed_realistic,positive,1333,25,16,25,2,14,14,2,25,224,10,0,425,53,53,54,54,233,37,41703
100,A50,mixed_realistic,positive,1296,25,20,25,4,16,16,4,25,224,5,4,415,45,45,54,54,225,37,39985
100,A51,mixed_realistic,positive,1290,24,19,24,4,15,15,4,24,224,9,0,411,45,45,55,54,223,38,39707
100,A52,mixed_realistic,positive,1316,15,11,15,0,11,11,0,15,192,8,0,417,51,51,53,54,233,36,40864
100,A53,mixed_realistic,negative,1336,20,13,20,0,13,13,0,20,192,11,0,429,55,55,53,54,231,36,41433
100,A54,mixed_realistic,negative,1270,14,10,14,0,10,10,0,14,208,6,0,408,44,44,53,54,218,36,38430
100,A55,negative_control,negative,1155,3,2,3,0,2,2,0,3,160,1,0,367,28,28,53,54,196,36,33302
100,A56,negative_control,negative,1155,3,2,3,0,2,2,0,3,160,1,0,367,28,28,53,54,196,36,33302
100,A57,negative_control,negative,1179,11,7,11,2,5,5,2,11,160,1,0,374,32,32,53,54,202,36,34615
100,A58,negative_control,negative,1179,11,7,11,2,5,5,2,11,160,1,0,374,32,32,53,54,202,36,34614
100,A59,negative_control,negative,1219,7,5,7,0,5,5,0,7,176,1,0,382,36,36,53,54,215,36,36655
100,A60,negative_control,negative,1236,12,8,12,0,8,8,0,12,224,6,0,397,40,40,53,54,211,36,36884
101,A01,indexed_memory,positive,1236,12,8,12,0,8,8,0,12,192,6,0,397,40,40,53,54,211,36,36878
101,A02,indexed_memory,positive,1246,11,9,11,0,9,9,0,11,176,6,0,399,41,41,53,54,214,36,37357
101,A03,indexed_memory,positive,1270,14,10,14,0,10,10,0,14,208,6,0,408,44,44,53,54,218,36,38430
101,A04,indexed_memory,positive,1304,14,10,14,0,10,10,0,14,192,6,0,412,49,49,53,54,230,36,40410
101,A05,indexed_memory,negative,1336,20,13,20,0,13,13,0,20,192,11,0,429,55,55,53,54,231,36,41433
101,A06,indexed_memory,negative,1236,12,8,12,0,8,8,0,12,224,6,0,397,40,40,53,54,211,36,36884
101,A07,scalar_replacement,positive,1198,6,5,6,0,5,5,0,6,176,1,0,381,33,33,53,54,205,36,35315
101,A08,scalar_replacement,positive,1236,12,8,12,0,8,8,0,12,176,6,0,397,40,40,53,54,211,36,36879
101,A09,scalar_replacement,positive,1316,15,11,15,0,11,11,0,15,192,8,0,417,51,51,53,54,233,36,40864
101,A10,scalar_replacement,positive,1254,10,8,10,0,8,8,0,10,192,1,0,394,40,40,53,54,222,36,38233
101,A11,scalar_replacement,negative,1333,25,16,25,2,14,14,2,25,224,10,0,425,53,53,54,54,233,37,41703
101,A12,scalar_replacement,negative,1179,11,7,11,2,5,5,2,11,160,1,0,374,32,32,53,54,202,36,34614
101,A13,register_pressure,positive,1479,39,38,39,4,34,34,4,39,320,1,8,484,64,64,53,54,259,36,47825
101,A14,register_pressure,positive,1446,64,56,64,12,44,44,12,64,352,25,0,481,60,60,54,54,252,37,46703
101,A15,register_pressure,positive,1300,11,10,11,0,10,10,0,11,192,1,0,403,46,46,53,54,236,36,40908
101,A16,register_pressure,positive,1286,23,18,23,4,14,14,4,23,224,4,5,411,44,44,54,54,223,37,39470
101,A17,register_pressure,negative,1290,24,19,24,4,15,15,4,24,224,9,0,411,45,45,55,54,223,38,39744
101,A18,register_pressure,negative,1296,25,20,25,4,16,16,4,25,224,5,4,415,45,45,54,54,225,37,39985
101,A19,localized_pressure,positive,1233,7,6,7,0,6,6,0,7,176,1,0,386,38,38,53,54,217,36,37319
101,A20,localized_pressure,positive,1300,11,10,11,0,10,10,0,11,192,1,0,403,46,46,53,54,236,36,40908
101,A21,localized_pressure,positive,1304,14,10,14,0,10,10,0,14,192,6,0,412,49,49,53,54,230,36,40410
101,A22,localized_pressure,positive,1259,9,8,9,0,8,8,0,9,192,1,0,395,41,41,53,54,222,36,38403
101,A23,localized_pressure,negative,1316,15,11,15,0,11,11,0,15,192,8,0,417,51,51,53,54,233,36,40864
101,A24,localized_pressure,negative,1254,10,8,10,0,8,8,0,10,192,1,0,394,40,40,53,54,222,36,38233
101,A25,constant_rematerialization,positive,1155,3,2,3,0,2,2,0,3,160,1,0,367,28,28,53,54,196,36,33302
101,A26,constant_rematerialization,positive,1219,7,5,7,0,5,5,0,7,176,1,0,382,36,36,53,54,215,36,36655
101,A27,constant_rematerialization,positive,1479,39,38,39,4,34,34,4,39,320,1,8,484,64,64,53,54,259,36,47825
101,A28,constant_rematerialization,positive,1480,40,39,40,4,35,35,4,40,320,1,8,485,64,64,53,54,259,36,47881
101,A29,constant_rematerialization,negative,1333,25,16,25,2,14,14,2,25,224,10,0,425,53,53,54,54,233,37,41703
101,A30,constant_rematerialization,negative,1259,9,8,9,0,8,8,0,9,192,1,0,395,41,41,53,54,222,36,38403
101,A31,loop_live_range,positive,1233,7,6,7,0,6,6,0,7,176,1,0,386,38,38,53,54,217,36,37319
101,A32,loop_live_range,positive,1300,11,10,11,0,10,10,0,11,192,1,0,403,46,46,53,54,236,36,40908
101,A33,loop_live_range,positive,1304,14,10,14,0,10,10,0,14,192,6,0,412,49,49,53,54,230,36,40410
101,A34,loop_live_range,positive,1249,7,6,7,0,6,6,0,7,176,1,0,391,40,40,53,54,220,36,37896
101,A35,loop_live_range,negative,1259,9,8,9,0,8,8,0,9,192,1,0,395,41,41,53,54,222,36,38403
101,A36,loop_live_range,negative,1479,39,38,39,4,34,34,4,39,320,1,8,484,64,64,53,54,259,36,47825
101,A37,calls_abi,positive,1155,3,2,3,0,2,2,0,3,160,1,0,367,28,28,53,54,196,36,33302
101,A38,calls_abi,positive,1235,14,11,14,2,9,9,2,14,192,5,0,393,38,38,54,54,212,37,37032
101,A39,calls_abi,positive,1290,24,19,24,4,15,15,4,24,224,9,0,411,45,45,55,54,223,38,39744
101,A40,calls_abi,positive,1286,23,18,23,4,14,14,4,23,224,4,5,411,44,44,54,54,223,37,39470
101,A41,calls_abi,negative,1446,64,56,64,12,44,44,12,64,352,25,0,481,60,60,54,54,252,37,46703
101,A42,calls_abi,negative,1290,24,19,24,4,15,15,4,24,224,9,0,411,45,45,55,54,223,38,39707
101,A43,references_aliasing,negative,1179,11,7,11,2,5,5,2,11,160,1,0,374,32,32,53,54,202,36,34614
101,A44,references_aliasing,negative,1179,11,7,11,2,5,5,2,11,160,1,0,374,32,32,53,54,202,36,34614
101,A45,references_aliasing,negative,1179,11,7,11,2,5,5,2,11,160,1,0,374,32,32,53,54,202,36,34615
101,A46,references_aliasing,negative,1333,25,16,25,2,14,14,2,25,224,10,0,425,53,53,54,54,233,37,41703
101,A47,references_aliasing,negative,1336,20,13,20,0,13,13,0,20,192,11,0,429,55,55,53,54,231,36,41433
101,A48,references_aliasing,negative,1316,15,11,15,0,11,11,0,15,192,8,0,417,51,51,53,54,233,36,40864
101,A49,mixed_realistic,positive,1333,25,16,25,2,14,14,2,25,224,10,0,425,53,53,54,54,233,37,41703
101,A50,mixed_realistic,positive,1296,25,20,25,4,16,16,4,25,224,5,4,415,45,45,54,54,225,37,39985
101,A51,mixed_realistic,positive,1290,24,19,24,4,15,15,4,24,224,9,0,411,45,45,55,54,223,38,39707
101,A52,mixed_realistic,positive,1316,15,11,15,0,11,11,0,15,192,8,0,417,51,51,53,54,233,36,40864
101,A53,mixed_realistic,negative,1336,20,13,20,0,13,13,0,20,192,11,0,429,55,55,53,54,231,36,41433
101,A54,mixed_realistic,negative,1270,14,10,14,0,10,10,0,14,208,6,0,408,44,44,53,54,218,36,38430
101,A55,negative_control,negative,1155,3,2,3,0,2,2,0,3,160,1,0,367,28,28,53,54,196,36,33302
101,A56,negative_control,negative,1155,3,2,3,0,2,2,0,3,160,1,0,367,28,28,53,54,196,36,33302
101,A57,negative_control,negative,1179,11,7,11,2,5,5,2,11,160,1,0,374,32,32,53,54,202,36,34615
101,A58,negative_control,negative,1179,11,7,11,2,5,5,2,11,160,1,0,374,32,32,53,54,202,36,34614
101,A59,negative_control,negative,1219,7,5,7,0,5,5,0,7,176,1,0,382,36,36,53,54,215,36,36655
101,A60,negative_control,negative,1236,12,8,12,0,8,8,0,12,224,6,0,397,40,40,53,54,211,36,36884
110,A01,indexed_memory,positive,1236,12,8,12,0,8,8,0,12,192,6,0,397,40,40,53,54,211,36,36878
110,A02,indexed_memory,positive,1246,11,9,11,0,9,9,0,11,176,6,0,399,41,41,53,54,214,36,37357
110,A03,indexed_memory,positive,1270,14,10,14,0,10,10,0,14,208,6,0,408,44,44,53,54,218,36,38430
110,A04,indexed_memory,positive,1304,14,10,14,0,10,10,0,14,192,6,0,412,49,49,53,54,230,36,40410
110,A05,indexed_memory,negative,1336,20,13,20,0,13,13,0,20,192,11,0,429,55,55,53,54,231,36,41433
110,A06,indexed_memory,negative,1236,12,8,12,0,8,8,0,12,224,6,0,397,40,40,53,54,211,36,36884
110,A07,scalar_replacement,positive,1198,6,5,6,0,5,5,0,6,176,1,0,381,33,33,53,54,205,36,35315
110,A08,scalar_replacement,positive,1241,11,7,11,0,7,7,0,11,176,4,0,397,41,41,53,54,213,36,37172
110,A09,scalar_replacement,positive,1316,15,11,15,0,11,11,0,15,192,8,0,417,51,51,53,54,233,36,40864
110,A10,scalar_replacement,positive,1254,10,8,10,0,8,8,0,10,192,1,0,394,40,40,53,54,222,36,38233
110,A11,scalar_replacement,negative,1333,25,16,25,2,14,14,2,25,224,10,0,425,53,53,54,54,233,37,41703
110,A12,scalar_replacement,negative,1179,11,7,11,2,5,5,2,11,160,1,0,374,32,32,53,54,202,36,34614
110,A13,register_pressure,positive,1479,39,38,39,4,34,34,4,39,320,1,8,484,64,64,53,54,259,36,47825
110,A14,register_pressure,positive,1446,64,56,64,12,44,44,12,64,352,25,0,481,60,60,54,54,252,37,46693
110,A15,register_pressure,positive,1300,11,10,11,0,10,10,0,11,192,1,0,403,46,46,53,54,236,36,40908
110,A16,register_pressure,positive,1286,23,18,23,4,14,14,4,23,224,4,5,411,44,44,54,54,223,37,39470
110,A17,register_pressure,negative,1290,24,19,24,4,15,15,4,24,224,9,0,411,45,45,55,54,223,38,39744
110,A18,register_pressure,negative,1296,25,20,25,4,16,16,4,25,224,5,4,415,45,45,54,54,225,37,39985
110,A19,localized_pressure,positive,1233,7,6,7,0,6,6,0,7,176,1,0,386,38,38,53,54,217,36,37319
110,A20,localized_pressure,positive,1300,11,10,11,0,10,10,0,11,192,1,0,403,46,46,53,54,236,36,40908
110,A21,localized_pressure,positive,1304,14,10,14,0,10,10,0,14,192,6,0,412,49,49,53,54,230,36,40410
110,A22,localized_pressure,positive,1259,9,8,9,0,8,8,0,9,192,1,0,395,41,41,53,54,222,36,38403
110,A23,localized_pressure,negative,1316,15,11,15,0,11,11,0,15,192,8,0,417,51,51,53,54,233,36,40864
110,A24,localized_pressure,negative,1254,10,8,10,0,8,8,0,10,192,1,0,394,40,40,53,54,222,36,38233
110,A25,constant_rematerialization,positive,1155,3,2,3,0,2,2,0,3,160,1,0,367,28,28,53,54,196,36,33302
110,A26,constant_rematerialization,positive,1219,7,5,7,0,5,5,0,7,176,1,0,382,36,36,53,54,215,36,36655
110,A27,constant_rematerialization,positive,1479,39,38,39,4,34,34,4,39,320,1,8,484,64,64,53,54,259,36,47825
110,A28,constant_rematerialization,positive,1480,40,39,40,4,35,35,4,40,320,1,8,485,64,64,53,54,259,36,47881
110,A29,constant_rematerialization,negative,1333,25,16,25,2,14,14,2,25,224,10,0,425,53,53,54,54,233,37,41703
110,A30,constant_rematerialization,negative,1259,9,8,9,0,8,8,0,9,192,1,0,395,41,41,53,54,222,36,38403
110,A31,loop_live_range,positive,1233,7,6,7,0,6,6,0,7,176,1,0,386,38,38,53,54,217,36,37319
110,A32,loop_live_range,positive,1300,11,10,11,0,10,10,0,11,192,1,0,403,46,46,53,54,236,36,40908
110,A33,loop_live_range,positive,1304,14,10,14,0,10,10,0,14,192,6,0,412,49,49,53,54,230,36,40410
110,A34,loop_live_range,positive,1249,7,6,7,0,6,6,0,7,176,1,0,391,40,40,53,54,220,36,37896
110,A35,loop_live_range,negative,1259,9,8,9,0,8,8,0,9,192,1,0,395,41,41,53,54,222,36,38403
110,A36,loop_live_range,negative,1479,39,38,39,4,34,34,4,39,320,1,8,484,64,64,53,54,259,36,47825
110,A37,calls_abi,positive,1155,3,2,3,0,2,2,0,3,160,1,0,367,28,28,53,54,196,36,33302
110,A38,calls_abi,positive,1235,14,11,14,2,9,9,2,14,192,5,0,393,38,38,54,54,212,37,37032
110,A39,calls_abi,positive,1290,24,19,24,4,15,15,4,24,224,9,0,411,45,45,55,54,223,38,39744
110,A40,calls_abi,positive,1286,23,18,23,4,14,14,4,23,224,4,5,411,44,44,54,54,223,37,39470
110,A41,calls_abi,negative,1446,64,56,64,12,44,44,12,64,352,25,0,481,60,60,54,54,252,37,46693
110,A42,calls_abi,negative,1290,24,19,24,4,15,15,4,24,224,9,0,411,45,45,55,54,223,38,39707
110,A43,references_aliasing,negative,1179,11,7,11,2,5,5,2,11,160,1,0,374,32,32,53,54,202,36,34614
110,A44,references_aliasing,negative,1179,11,7,11,2,5,5,2,11,160,1,0,374,32,32,53,54,202,36,34614
110,A45,references_aliasing,negative,1179,11,7,11,2,5,5,2,11,160,1,0,374,32,32,53,54,202,36,34615
110,A46,references_aliasing,negative,1333,25,16,25,2,14,14,2,25,224,10,0,425,53,53,54,54,233,37,41703
110,A47,references_aliasing,negative,1336,20,13,20,0,13,13,0,20,192,11,0,429,55,55,53,54,231,36,41433
110,A48,references_aliasing,negative,1316,15,11,15,0,11,11,0,15,192,8,0,417,51,51,53,54,233,36,40864
110,A49,mixed_realistic,positive,1333,25,16,25,2,14,14,2,25,224,10,0,425,53,53,54,54,233,37,41703
110,A50,mixed_realistic,positive,1296,25,20,25,4,16,16,4,25,224,5,4,415,45,45,54,54,225,37,39985
110,A51,mixed_realistic,positive,1290,24,19,24,4,15,15,4,24,224,9,0,411,45,45,55,54,223,38,39707
110,A52,mixed_realistic,positive,1316,15,11,15,0,11,11,0,15,192,8,0,417,51,51,53,54,233,36,40864
110,A53,mixed_realistic,negative,1336,20,13,20,0,13,13,0,20,192,11,0,429,55,55,53,54,231,36,41433
110,A54,mixed_realistic,negative,1270,14,10,14,0,10,10,0,14,208,6,0,408,44,44,53,54,218,36,38430
110,A55,negative_control,negative,1155,3,2,3,0,2,2,0,3,160,1,0,367,28,28,53,54,196,36,33302
110,A56,negative_control,negative,1155,3,2,3,0,2,2,0,3,160,1,0,367,28,28,53,54,196,36,33302
110,A57,negative_control,negative,1179,11,7,11,2,5,5,2,11,160,1,0,374,32,32,53,54,202,36,34615
110,A58,negative_control,negative,1179,11,7,11,2,5,5,2,11,160,1,0,374,32,32,53,54,202,36,34614
110,A59,negative_control,negative,1219,7,5,7,0,5,5,0,7,176,1,0,382,36,36,53,54,215,36,36655
110,A60,negative_control,negative,1236,12,8,12,0,8,8,0,12,224,6,0,397,40,40,53,54,211,36,36884
111,A01,indexed_memory,positive,1236,12,8,12,0,8,8,0,12,192,6,0,397,40,40,53,54,211,36,36878
111,A02,indexed_memory,positive,1246,11,9,11,0,9,9,0,11,176,6,0,399,41,41,53,54,214,36,37357
111,A03,indexed_memory,positive,1270,14,10,14,0,10,10,0,14,208,6,0,408,44,44,53,54,218,36,38430
111,A04,indexed_memory,positive,1304,14,10,14,0,10,10,0,14,192,6,0,412,49,49,53,54,230,36,40410
111,A05,indexed_memory,negative,1336,20,13,20,0,13,13,0,20,192,11,0,429,55,55,53,54,231,36,41433
111,A06,indexed_memory,negative,1236,12,8,12,0,8,8,0,12,224,6,0,397,40,40,53,54,211,36,36884
111,A07,scalar_replacement,positive,1198,6,5,6,0,5,5,0,6,176,1,0,381,33,33,53,54,205,36,35315
111,A08,scalar_replacement,positive,1241,11,7,11,0,7,7,0,11,176,4,0,397,41,41,53,54,213,36,37172
111,A09,scalar_replacement,positive,1316,15,11,15,0,11,11,0,15,192,8,0,417,51,51,53,54,233,36,40864
111,A10,scalar_replacement,positive,1254,10,8,10,0,8,8,0,10,192,1,0,394,40,40,53,54,222,36,38233
111,A11,scalar_replacement,negative,1333,25,16,25,2,14,14,2,25,224,10,0,425,53,53,54,54,233,37,41703
111,A12,scalar_replacement,negative,1179,11,7,11,2,5,5,2,11,160,1,0,374,32,32,53,54,202,36,34614
111,A13,register_pressure,positive,1479,39,38,39,4,34,34,4,39,320,1,8,484,64,64,53,54,259,36,47825
111,A14,register_pressure,positive,1446,64,56,64,12,44,44,12,64,352,25,0,481,60,60,54,54,252,37,46703
111,A15,register_pressure,positive,1300,11,10,11,0,10,10,0,11,192,1,0,403,46,46,53,54,236,36,40908
111,A16,register_pressure,positive,1286,23,18,23,4,14,14,4,23,224,4,5,411,44,44,54,54,223,37,39470
111,A17,register_pressure,negative,1290,24,19,24,4,15,15,4,24,224,9,0,411,45,45,55,54,223,38,39744
111,A18,register_pressure,negative,1296,25,20,25,4,16,16,4,25,224,5,4,415,45,45,54,54,225,37,39985
111,A19,localized_pressure,positive,1233,7,6,7,0,6,6,0,7,176,1,0,386,38,38,53,54,217,36,37319
111,A20,localized_pressure,positive,1300,11,10,11,0,10,10,0,11,192,1,0,403,46,46,53,54,236,36,40908
111,A21,localized_pressure,positive,1304,14,10,14,0,10,10,0,14,192,6,0,412,49,49,53,54,230,36,40410
111,A22,localized_pressure,positive,1259,9,8,9,0,8,8,0,9,192,1,0,395,41,41,53,54,222,36,38403
111,A23,localized_pressure,negative,1316,15,11,15,0,11,11,0,15,192,8,0,417,51,51,53,54,233,36,40864
111,A24,localized_pressure,negative,1254,10,8,10,0,8,8,0,10,192,1,0,394,40,40,53,54,222,36,38233
111,A25,constant_rematerialization,positive,1155,3,2,3,0,2,2,0,3,160,1,0,367,28,28,53,54,196,36,33302
111,A26,constant_rematerialization,positive,1219,7,5,7,0,5,5,0,7,176,1,0,382,36,36,53,54,215,36,36655
111,A27,constant_rematerialization,positive,1479,39,38,39,4,34,34,4,39,320,1,8,484,64,64,53,54,259,36,47825
111,A28,constant_rematerialization,positive,1480,40,39,40,4,35,35,4,40,320,1,8,485,64,64,53,54,259,36,47881
111,A29,constant_rematerialization,negative,1333,25,16,25,2,14,14,2,25,224,10,0,425,53,53,54,54,233,37,41703
111,A30,constant_rematerialization,negative,1259,9,8,9,0,8,8,0,9,192,1,0,395,41,41,53,54,222,36,38403
111,A31,loop_live_range,positive,1233,7,6,7,0,6,6,0,7,176,1,0,386,38,38,53,54,217,36,37319
111,A32,loop_live_range,positive,1300,11,10,11,0,10,10,0,11,192,1,0,403,46,46,53,54,236,36,40908
111,A33,loop_live_range,positive,1304,14,10,14,0,10,10,0,14,192,6,0,412,49,49,53,54,230,36,40410
111,A34,loop_live_range,positive,1249,7,6,7,0,6,6,0,7,176,1,0,391,40,40,53,54,220,36,37896
111,A35,loop_live_range,negative,1259,9,8,9,0,8,8,0,9,192,1,0,395,41,41,53,54,222,36,38403
111,A36,loop_live_range,negative,1479,39,38,39,4,34,34,4,39,320,1,8,484,64,64,53,54,259,36,47825
111,A37,calls_abi,positive,1155,3,2,3,0,2,2,0,3,160,1,0,367,28,28,53,54,196,36,33302
111,A38,calls_abi,positive,1235,14,11,14,2,9,9,2,14,192,5,0,393,38,38,54,54,212,37,37032
111,A39,calls_abi,positive,1290,24,19,24,4,15,15,4,24,224,9,0,411,45,45,55,54,223,38,39744
111,A40,calls_abi,positive,1286,23,18,23,4,14,14,4,23,224,4,5,411,44,44,54,54,223,37,39470
111,A41,calls_abi,negative,1446,64,56,64,12,44,44,12,64,352,25,0,481,60,60,54,54,252,37,46703
111,A42,calls_abi,negative,1290,24,19,24,4,15,15,4,24,224,9,0,411,45,45,55,54,223,38,39707
111,A43,references_aliasing,negative,1179,11,7,11,2,5,5,2,11,160,1,0,374,32,32,53,54,202,36,34614
111,A44,references_aliasing,negative,1179,11,7,11,2,5,5,2,11,160,1,0,374,32,32,53,54,202,36,34614
111,A45,references_aliasing,negative,1179,11,7,11,2,5,5,2,11,160,1,0,374,32,32,53,54,202,36,34615
111,A46,references_aliasing,negative,1333,25,16,25,2,14,14,2,25,224,10,0,425,53,53,54,54,233,37,41703
111,A47,references_aliasing,negative,1336,20,13,20,0,13,13,0,20,192,11,0,429,55,55,53,54,231,36,41433
111,A48,references_aliasing,negative,1316,15,11,15,0,11,11,0,15,192,8,0,417,51,51,53,54,233,36,40864
111,A49,mixed_realistic,positive,1333,25,16,25,2,14,14,2,25,224,10,0,425,53,53,54,54,233,37,41703
111,A50,mixed_realistic,positive,1296,25,20,25,4,16,16,4,25,224,5,4,415,45,45,54,54,225,37,39985
111,A51,mixed_realistic,positive,1290,24,19,24,4,15,15,4,24,224,9,0,411,45,45,55,54,223,38,39707
111,A52,mixed_realistic,positive,1316,15,11,15,0,11,11,0,15,192,8,0,417,51,51,53,54,233,36,40864
111,A53,mixed_realistic,negative,1336,20,13,20,0,13,13,0,20,192,11,0,429,55,55,53,54,231,36,41433
111,A54,mixed_realistic,negative,1270,14,10,14,0,10,10,0,14,208,6,0,408,44,44,53,54,218,36,38430
111,A55,negative_control,negative,1155,3,2,3,0,2,2,0,3,160,1,0,367,28,28,53,54,196,36,33302
111,A56,negative_control,negative,1155,3,2,3,0,2,2,0,3,160,1,0,367,28,28,53,54,196,36,33302
111,A57,negative_control,negative,1179,11,7,11,2,5,5,2,11,160,1,0,374,32,32,53,54,202,36,34615
111,A58,negative_control,negative,1179,11,7,11,2,5,5,2,11,160,1,0,374,32,32,53,54,202,36,34614
111,A59,negative_control,negative,1219,7,5,7,0,5,5,0,7,176,1,0,382,36,36,53,54,215,36,36655
111,A60,negative_control,negative,1236,12,8,12,0,8,8,0,12,224,6,0,397,40,40,53,54,211,36,36884
