case_id,recommended_policy,recommendation_reason,fallback_used,recommendation_is_pareto,recommendation_hard_regression
A01,V21_22e7512c33b0e8fd,indexed_memory_without_escape,False,True,False
A02,V21_22e7512c33b0e8fd,indexed_memory_without_escape,False,True,False
A03,V21_22e7512c33b0e8fd,indexed_memory_without_escape,False,True,False
A04,V21_22e7512c33b0e8fd,indexed_memory_without_escape,False,True,False
A05,V21_22e7512c33b0e8fd,indexed_memory_without_escape,False,True,False
A06,V21_22e7512c33b0e8fd,indexed_memory_without_escape,False,True,False
A07,BASELINE,insufficient_structural_evidence,True,True,False
A08,V21_22e7512c33b0e8fd,indexed_memory_and_proven_scalar,False,True,False
A09,V21_22e7512c33b0e8fd,indexed_memory_without_escape,False,True,False
A10,BASELINE,insufficient_structural_evidence,True,True,False
A11,BASELINE,call_barrier_fallback,True,False,False
A12,BASELINE,reference_or_address_escape_fallback,True,True,False
A13,V2_077171a9b68c8814,pure_constant_under_pressure,False,True,False
A14,BASELINE,call_barrier_fallback,True,True,False
A15,BASELINE,insufficient_structural_evidence,True,True,False
A16,BASELINE,call_barrier_fallback,True,True,False
A17,BASELINE,call_barrier_fallback,True,True,False
A18,BASELINE,call_barrier_fallback,True,True,False
A19,BASELINE,insufficient_structural_evidence,True,True,False
A20,BASELINE,insufficient_structural_evidence,True,True,False
A21,V21_22e7512c33b0e8fd,indexed_memory_without_escape,False,True,False
A22,BASELINE,insufficient_structural_evidence,True,True,False
A23,V21_22e7512c33b0e8fd,indexed_memory_without_escape,False,True,False
A24,BASELINE,insufficient_structural_evidence,True,True,False
A25,BASELINE,insufficient_structural_evidence,True,True,False
A26,BASELINE,insufficient_structural_evidence,True,True,False
A27,V2_077171a9b68c8814,pure_constant_under_pressure,False,True,False
A28,V2_077171a9b68c8814,pure_constant_under_pressure,False,True,False
A29,BASELINE,call_barrier_fallback,True,False,False
A30,BASELINE,insufficient_structural_evidence,True,True,False
A31,BASELINE,insufficient_structural_evidence,True,True,False
A32,BASELINE,insufficient_structural_evidence,True,True,False
A33,V21_22e7512c33b0e8fd,indexed_memory_without_escape,False,True,False
A34,BASELINE,insufficient_structural_evidence,True,True,False
A35,BASELINE,insufficient_structural_evidence,True,True,False
A36,V2_077171a9b68c8814,pure_constant_under_pressure,False,True,False
A37,BASELINE,insufficient_structural_evidence,True,True,False
A38,BASELINE,call_barrier_fallback,True,True,False
A39,BASELINE,call_barrier_fallback,True,True,False
A40,BASELINE,call_barrier_fallback,True,True,False
A41,BASELINE,call_barrier_fallback,True,True,False
A42,BASELINE,call_barrier_fallback,True,True,False
A43,BASELINE,reference_or_address_escape_fallback,True,True,False
A44,BASELINE,reference_or_address_escape_fallback,True,True,False
A45,BASELINE,reference_or_address_escape_fallback,True,True,False
A46,BASELINE,call_barrier_fallback,True,False,False
A47,V21_22e7512c33b0e8fd,indexed_memory_without_escape,False,True,False
A48,V21_22e7512c33b0e8fd,indexed_memory_without_escape,False,True,False
A49,BASELINE,call_barrier_fallback,True,False,False
A50,BASELINE,call_barrier_fallback,True,True,False
A51,BASELINE,call_barrier_fallback,True,True,False
A52,V21_22e7512c33b0e8fd,indexed_memory_without_escape,False,True,False
A53,V21_22e7512c33b0e8fd,indexed_memory_without_escape,False,True,False
A54,V21_22e7512c33b0e8fd,indexed_memory_without_escape,False,True,False
A55,BASELINE,insufficient_structural_evidence,True,True,False
A56,BASELINE,insufficient_structural_evidence,True,True,False
A57,BASELINE,reference_or_address_escape_fallback,True,True,False
A58,BASELINE,reference_or_address_escape_fallback,True,True,False
A59,BASELINE,insufficient_structural_evidence,True,True,False
A60,V21_22e7512c33b0e8fd,indexed_memory_without_escape,False,True,False
