policy_id,correctness,pareto,memory_traffic_ratio,stack_traffic_ratio,instruction_ratio,frame_ratio
BEAM_R1_R9,PASS,True,1.0,1.0,1.0,1.0
M0_R0_BASELINE,PASS,True,1.0,1.0,1.0,1.0
R1_CALLER_FIRST,PASS,True,1.0,1.0,1.0,1.0
R4_SHORT_CALLER_LONG_CALLEE,PASS,True,1.0,1.0,1.0,1.0
R9_CALL_AWARE_SELECTIVE_RESIDENCE,PASS,True,1.0,1.0,1.0,1.0
BEAM_R3_R9,PASS,False,1.15,1.1185410334346504,1.0015386436264646,1.0
R3_INTERLEAVED,PASS,False,1.15,1.1185410334346504,1.0015386436264646,1.0
BEAM_R2_R9,PASS,False,1.4076923076923078,1.3221884498480243,1.0041819544719297,1.0
R2_CALLEE_FIRST,PASS,False,1.4076923076923078,1.3221884498480243,1.0041819544719297,1.0
DETERMINISTIC_POLICY_PORTFOLIO_V1,DISQUALIFIED_CORRECTNESS,False,,,,
M1_COMPACT_INDEXED_MEMORY,DISQUALIFIED_CORRECTNESS,False,,,,
M1_R1,DISQUALIFIED_CORRECTNESS,False,,,,
M2_BASE_PINNING,DISQUALIFIED_CORRECTNESS,False,,,,
M2_R4,DISQUALIFIED_CORRECTNESS,False,,,,
M3_INDEX_PINNING,DISQUALIFIED_CORRECTNESS,False,,,,
M3_R6,DISQUALIFIED_CORRECTNESS,False,,,,
M4_BASE_PLUS_INDEX,DISQUALIFIED_CORRECTNESS,False,,,,
M4_R9,DISQUALIFIED_CORRECTNESS,False,,,,
M5_R7,DISQUALIFIED_CORRECTNESS,False,,,,
M5_SCALAR_MEM2REG_CONSERVATIVE,DISQUALIFIED_CORRECTNESS,False,,,,
M6_LOAD_FORWARDING,DISQUALIFIED_CORRECTNESS,False,,,,
M6_R8,DISQUALIFIED_CORRECTNESS,False,,,,
M7_R9,DISQUALIFIED_CORRECTNESS,False,,,,
M7_REGISTER_READ_CACHE,DISQUALIFIED_CORRECTNESS,False,,,,
M8_R10,DISQUALIFIED_CORRECTNESS,False,,,,
M8_REGISTER_WRITEBACK_ISLAND,DISQUALIFIED_CORRECTNESS,False,,,,
R10_REGION_RESIDENCE,DISQUALIFIED_CORRECTNESS,False,,,,
R5_USE_COUNT_WEIGHTED,DISQUALIFIED_CORRECTNESS,False,,,,
R6_LOOP_WEIGHTED,DISQUALIFIED_CORRECTNESS,False,,,,
R7_SPILL_COST_WEIGHTED,DISQUALIFIED_CORRECTNESS,False,,,,
R8_MOVE_AFFINITY,DISQUALIFIED_CORRECTNESS,False,,,,
