case_id,policy_id,instructions,total_load_store,stack_ops,spills_reload,frame_bytes,memory_operands,loads,stores,stack_loads,stack_stores,spills,reloads,movs,leas,address_recomputations,caller_save_traffic,callee_save_traffic,branches,calls,pushes,pops,text_bytes,correctness,assembly_sha256
A01,BASELINE,1238,8,12,12,192,12,0,8,0,8,8,0,399,40,40,2,0,211,36,53,54,36912,PASS,11fefc96d2527a0ab744122074fd84f42b014a9bc3f181e9d5c3d95f27deac78
A01,COMPACT_EA,1236,8,12,12,192,12,0,8,0,8,8,0,397,40,40,6,0,211,36,53,54,36878,PASS,871d7b45d3623ded0e1f10a7ecfe091db5611596ecab8841083f5d919d82f4f9
A01,SCALAR,1238,8,12,12,192,12,0,8,0,8,8,0,399,40,40,2,0,211,36,53,54,36912,PASS,11fefc96d2527a0ab744122074fd84f42b014a9bc3f181e9d5c3d95f27deac78
A01,COMPACT_EA_SCALAR,1236,8,12,12,192,12,0,8,0,8,8,0,397,40,40,6,0,211,36,53,54,36878,PASS,871d7b45d3623ded0e1f10a7ecfe091db5611596ecab8841083f5d919d82f4f9
A02,BASELINE,1248,9,11,11,176,11,0,9,0,9,9,0,401,41,41,2,0,214,36,53,54,37391,PASS,e3c847fa897db0b0be2d83ef877463c1bff348a5021b027939cc5ca18951d147
A02,COMPACT_EA,1246,9,11,11,176,11,0,9,0,9,9,0,399,41,41,6,0,214,36,53,54,37357,PASS,1df73084b86ec22c227735dfda1c1dcb70eda3a93ddaeba8063323b6ae620737
A02,SCALAR,1248,9,11,11,176,11,0,9,0,9,9,0,401,41,41,2,0,214,36,53,54,37391,PASS,e3c847fa897db0b0be2d83ef877463c1bff348a5021b027939cc5ca18951d147
A02,COMPACT_EA_SCALAR,1246,9,11,11,176,11,0,9,0,9,9,0,399,41,41,6,0,214,36,53,54,37357,PASS,1df73084b86ec22c227735dfda1c1dcb70eda3a93ddaeba8063323b6ae620737
A03,BASELINE,1272,10,14,14,208,14,0,10,0,10,10,0,410,44,44,2,0,218,36,53,54,38464,PASS,495ff4e21f2493193bca6512be027c38dee0c6c4afa475c385da7988d0740cd0
A03,COMPACT_EA,1270,10,14,14,208,14,0,10,0,10,10,0,408,44,44,6,0,218,36,53,54,38430,PASS,36fd2f008f33ddd548c85a0ded49f171e44cce62a74f77327050753e0df2d7f6
A03,SCALAR,1272,10,14,14,208,14,0,10,0,10,10,0,410,44,44,2,0,218,36,53,54,38464,PASS,495ff4e21f2493193bca6512be027c38dee0c6c4afa475c385da7988d0740cd0
A03,COMPACT_EA_SCALAR,1270,10,14,14,208,14,0,10,0,10,10,0,408,44,44,6,0,218,36,53,54,38430,PASS,36fd2f008f33ddd548c85a0ded49f171e44cce62a74f77327050753e0df2d7f6
A04,BASELINE,1306,10,14,14,192,14,0,10,0,10,10,0,414,49,49,2,0,230,36,53,54,40444,PASS,80b27ec65ff586e186a6c3c5a1497d67a9497013d4f6a28180d3b2fb2120a5ac
A04,COMPACT_EA,1304,10,14,14,192,14,0,10,0,10,10,0,412,49,49,6,0,230,36,53,54,40410,PASS,6972fc8d84820719ffc70d1af525dfe557919fc417e90d1ef84d75b85a4ecbce
A04,SCALAR,1306,10,14,14,192,14,0,10,0,10,10,0,414,49,49,2,0,230,36,53,54,40444,PASS,80b27ec65ff586e186a6c3c5a1497d67a9497013d4f6a28180d3b2fb2120a5ac
A04,COMPACT_EA_SCALAR,1304,10,14,14,192,14,0,10,0,10,10,0,412,49,49,6,0,230,36,53,54,40410,PASS,6972fc8d84820719ffc70d1af525dfe557919fc417e90d1ef84d75b85a4ecbce
A05,BASELINE,1340,13,20,20,192,20,0,13,0,13,13,0,433,55,55,3,0,231,36,53,54,41501,PASS,7e17fe1127a8257cd6822a1e837080a0207fdd8eae94b348da3b43de92af6ce6
A05,COMPACT_EA,1336,13,20,20,192,20,0,13,0,13,13,0,429,55,55,11,0,231,36,53,54,41433,PASS,43e6341b8633d501c7c06a95f8ab1aac603aebb53119d48c168ff38594b5aa6c
A05,SCALAR,1340,13,20,20,192,20,0,13,0,13,13,0,433,55,55,3,0,231,36,53,54,41501,PASS,7e17fe1127a8257cd6822a1e837080a0207fdd8eae94b348da3b43de92af6ce6
A05,COMPACT_EA_SCALAR,1336,13,20,20,192,20,0,13,0,13,13,0,429,55,55,11,0,231,36,53,54,41433,PASS,43e6341b8633d501c7c06a95f8ab1aac603aebb53119d48c168ff38594b5aa6c
A06,BASELINE,1238,8,12,12,224,12,0,8,0,8,8,0,399,40,40,2,0,211,36,53,54,36918,PASS,3f2b00a8ed1e57a2c7789084141d4a8be3767fea86a5a2c661f22311ec6d403e
A06,COMPACT_EA,1236,8,12,12,224,12,0,8,0,8,8,0,397,40,40,6,0,211,36,53,54,36884,PASS,a04fad0fb1a8db16022947f1fde59e701d2700c2b79c9265a391715a9b2132b5
A06,SCALAR,1238,8,12,12,224,12,0,8,0,8,8,0,399,40,40,2,0,211,36,53,54,36918,PASS,3f2b00a8ed1e57a2c7789084141d4a8be3767fea86a5a2c661f22311ec6d403e
A06,COMPACT_EA_SCALAR,1236,8,12,12,224,12,0,8,0,8,8,0,397,40,40,6,0,211,36,53,54,36884,PASS,a04fad0fb1a8db16022947f1fde59e701d2700c2b79c9265a391715a9b2132b5
A07,BASELINE,1198,5,6,6,176,6,0,5,0,5,5,0,381,33,33,1,0,205,36,53,54,35315,PASS,9bb0ac79ab35a483b0cad3215d820929280d564d1093d0ca27ff9ae3fbd3aa71
A07,COMPACT_EA,1198,5,6,6,176,6,0,5,0,5,5,0,381,33,33,1,0,205,36,53,54,35315,PASS,9bb0ac79ab35a483b0cad3215d820929280d564d1093d0ca27ff9ae3fbd3aa71
A07,SCALAR,1198,5,6,6,176,6,0,5,0,5,5,0,381,33,33,1,0,205,36,53,54,35315,PASS,9bb0ac79ab35a483b0cad3215d820929280d564d1093d0ca27ff9ae3fbd3aa71
A07,COMPACT_EA_SCALAR,1198,5,6,6,176,6,0,5,0,5,5,0,381,33,33,1,0,205,36,53,54,35315,PASS,9bb0ac79ab35a483b0cad3215d820929280d564d1093d0ca27ff9ae3fbd3aa71
A08,BASELINE,1238,8,12,12,176,12,0,8,0,8,8,0,399,40,40,2,0,211,36,53,54,36913,PASS,ac1fc99638e3f13020a9720e57ac0a69c0f19af12b2e25cdf9a763ca4db22531
A08,COMPACT_EA,1236,8,12,12,176,12,0,8,0,8,8,0,397,40,40,6,0,211,36,53,54,36879,PASS,7a468c163f3b51bbd3a89d64ae291071409cc074d36495910dce02367218cddd
A08,SCALAR,1243,7,11,11,176,11,0,7,0,7,7,0,399,41,41,2,0,213,36,53,54,37206,PASS,53a2acf232750499a3cda480c1800aff0314796cd48320620ee3f08b87f38644
A08,COMPACT_EA_SCALAR,1241,7,11,11,176,11,0,7,0,7,7,0,397,41,41,4,0,213,36,53,54,37172,PASS,92cf2d709ae422e9eac32255227ce95b6d78279621e30ac9ce896d24b9a98f2a
A09,BASELINE,1319,11,15,15,192,15,0,11,0,11,11,0,420,51,51,2,0,233,36,53,54,40915,PASS,8864918e2367e9defe6d9cfdea875acf1885350c55f736d96061042de60669c7
A09,COMPACT_EA,1316,11,15,15,192,15,0,11,0,11,11,0,417,51,51,8,0,233,36,53,54,40864,PASS,53845478f598e9ed1af226596b80336a705078b5664bd9644267cda8255865d5
A09,SCALAR,1319,11,15,15,192,15,0,11,0,11,11,0,420,51,51,2,0,233,36,53,54,40915,PASS,8864918e2367e9defe6d9cfdea875acf1885350c55f736d96061042de60669c7
A09,COMPACT_EA_SCALAR,1316,11,15,15,192,15,0,11,0,11,11,0,417,51,51,8,0,233,36,53,54,40864,PASS,53845478f598e9ed1af226596b80336a705078b5664bd9644267cda8255865d5
A10,BASELINE,1254,8,10,10,192,10,0,8,0,8,8,0,394,40,40,1,0,222,36,53,54,38233,PASS,d56905663f927f4bb73790fdd38f454e76b02470befedb9e47288962e8ececfc
A10,COMPACT_EA,1254,8,10,10,192,10,0,8,0,8,8,0,394,40,40,1,0,222,36,53,54,38233,PASS,d56905663f927f4bb73790fdd38f454e76b02470befedb9e47288962e8ececfc
A10,SCALAR,1254,8,10,10,192,10,0,8,0,8,8,0,394,40,40,1,0,222,36,53,54,38233,PASS,d56905663f927f4bb73790fdd38f454e76b02470befedb9e47288962e8ececfc
A10,COMPACT_EA_SCALAR,1254,8,10,10,192,10,0,8,0,8,8,0,394,40,40,1,0,222,36,53,54,38233,PASS,d56905663f927f4bb73790fdd38f454e76b02470befedb9e47288962e8ececfc
A11,BASELINE,1335,16,25,25,224,25,2,14,2,14,14,2,427,53,53,6,0,233,37,54,54,41737,PASS,8bef7deee48c1295e38006e573bbb50f331b83ad726d6595bc27a70408e89fe1
A11,COMPACT_EA,1333,16,25,25,224,25,2,14,2,14,14,2,425,53,53,10,0,233,37,54,54,41703,PASS,30a0894f4f5a218c21a5f39dbb1958e557bc27f2d0f48782d6bae44bbb213a9d
A11,SCALAR,1335,16,25,25,224,25,2,14,2,14,14,2,427,53,53,6,0,233,37,54,54,41737,PASS,8bef7deee48c1295e38006e573bbb50f331b83ad726d6595bc27a70408e89fe1
A11,COMPACT_EA_SCALAR,1333,16,25,25,224,25,2,14,2,14,14,2,425,53,53,10,0,233,37,54,54,41703,PASS,30a0894f4f5a218c21a5f39dbb1958e557bc27f2d0f48782d6bae44bbb213a9d
A12,BASELINE,0,0,0,0,0,0,0,0,0,0,0,0,0,0,0,0,0,0,0,0,0,0,DEFERRED_BY_BACKEND_CONTRACT,
A12,COMPACT_EA,0,0,0,0,0,0,0,0,0,0,0,0,0,0,0,0,0,0,0,0,0,0,DEFERRED_BY_BACKEND_CONTRACT,
A12,SCALAR,0,0,0,0,0,0,0,0,0,0,0,0,0,0,0,0,0,0,0,0,0,0,DEFERRED_BY_BACKEND_CONTRACT,
A12,COMPACT_EA_SCALAR,0,0,0,0,0,0,0,0,0,0,0,0,0,0,0,0,0,0,0,0,0,0,DEFERRED_BY_BACKEND_CONTRACT,
A13,BASELINE,1479,38,39,39,320,39,4,34,4,34,34,4,484,64,64,1,8,259,36,53,54,47825,PASS,ae2363551bb7e4d9d79a22b30842e9eb5f2906a7da30ddcdeeb731d5cd6a4822
A13,COMPACT_EA,1479,38,39,39,320,39,4,34,4,34,34,4,484,64,64,1,8,259,36,53,54,47825,PASS,ae2363551bb7e4d9d79a22b30842e9eb5f2906a7da30ddcdeeb731d5cd6a4822
A13,SCALAR,1479,38,39,39,320,39,4,34,4,34,34,4,484,64,64,1,8,259,36,53,54,47825,PASS,ae2363551bb7e4d9d79a22b30842e9eb5f2906a7da30ddcdeeb731d5cd6a4822
A13,COMPACT_EA_SCALAR,1479,38,39,39,320,39,4,34,4,34,34,4,484,64,64,1,8,259,36,53,54,47825,PASS,ae2363551bb7e4d9d79a22b30842e9eb5f2906a7da30ddcdeeb731d5cd6a4822
A14,BASELINE,1446,56,64,64,352,64,12,44,12,44,44,12,481,60,60,25,0,252,37,54,54,46693,PASS,94967dc908c69d8cee60e6bbe44f02a2728eb91b171b8c6704c5142cb064acf5
A14,COMPACT_EA,1446,56,64,64,352,64,12,44,12,44,44,12,481,60,60,25,0,252,37,54,54,46693,PASS,94967dc908c69d8cee60e6bbe44f02a2728eb91b171b8c6704c5142cb064acf5
A14,SCALAR,1446,56,64,64,352,64,12,44,12,44,44,12,481,60,60,25,0,252,37,54,54,46693,PASS,94967dc908c69d8cee60e6bbe44f02a2728eb91b171b8c6704c5142cb064acf5
A14,COMPACT_EA_SCALAR,1446,56,64,64,352,64,12,44,12,44,44,12,481,60,60,25,0,252,37,54,54,46693,PASS,94967dc908c69d8cee60e6bbe44f02a2728eb91b171b8c6704c5142cb064acf5
A15,BASELINE,1300,10,11,11,192,11,0,10,0,10,10,0,403,46,46,1,0,236,36,53,54,40908,PASS,82c34673ba9bacf1772eff8508b74b92d78ad5b5094530ccc05af529e9ac93df
A15,COMPACT_EA,1300,10,11,11,192,11,0,10,0,10,10,0,403,46,46,1,0,236,36,53,54,40908,PASS,82c34673ba9bacf1772eff8508b74b92d78ad5b5094530ccc05af529e9ac93df
A15,SCALAR,1300,10,11,11,192,11,0,10,0,10,10,0,403,46,46,1,0,236,36,53,54,40908,PASS,82c34673ba9bacf1772eff8508b74b92d78ad5b5094530ccc05af529e9ac93df
A15,COMPACT_EA_SCALAR,1300,10,11,11,192,11,0,10,0,10,10,0,403,46,46,1,0,236,36,53,54,40908,PASS,82c34673ba9bacf1772eff8508b74b92d78ad5b5094530ccc05af529e9ac93df
A16,BASELINE,1286,18,23,23,224,23,4,14,4,14,14,4,411,44,44,4,5,223,37,54,54,39470,PASS,c36710b2fc71f1728fa9cf07bd659df24319e61b70deba1bb3ac6d80711b1497
A16,COMPACT_EA,1286,18,23,23,224,23,4,14,4,14,14,4,411,44,44,4,5,223,37,54,54,39470,PASS,c36710b2fc71f1728fa9cf07bd659df24319e61b70deba1bb3ac6d80711b1497
A16,SCALAR,1286,18,23,23,224,23,4,14,4,14,14,4,411,44,44,4,5,223,37,54,54,39470,PASS,c36710b2fc71f1728fa9cf07bd659df24319e61b70deba1bb3ac6d80711b1497
A16,COMPACT_EA_SCALAR,1286,18,23,23,224,23,4,14,4,14,14,4,411,44,44,4,5,223,37,54,54,39470,PASS,c36710b2fc71f1728fa9cf07bd659df24319e61b70deba1bb3ac6d80711b1497
A17,BASELINE,1290,19,24,24,224,24,4,15,4,15,15,4,411,45,45,9,0,223,38,55,54,39744,PASS,8ce946f861f403b1276d185c538324c2975f5c9cdf3166b882053fbd379d0a8c
A17,COMPACT_EA,1290,19,24,24,224,24,4,15,4,15,15,4,411,45,45,9,0,223,38,55,54,39744,PASS,8ce946f861f403b1276d185c538324c2975f5c9cdf3166b882053fbd379d0a8c
A17,SCALAR,1290,19,24,24,224,24,4,15,4,15,15,4,411,45,45,9,0,223,38,55,54,39744,PASS,8ce946f861f403b1276d185c538324c2975f5c9cdf3166b882053fbd379d0a8c
A17,COMPACT_EA_SCALAR,1290,19,24,24,224,24,4,15,4,15,15,4,411,45,45,9,0,223,38,55,54,39744,PASS,8ce946f861f403b1276d185c538324c2975f5c9cdf3166b882053fbd379d0a8c
A18,BASELINE,1296,20,25,25,224,25,4,16,4,16,16,4,415,45,45,5,4,225,37,54,54,39985,PASS,79d830ef6741a585e6d31fc0e9cd04dbfec7bddd5ecaf6dbb6a99e4380458121
A18,COMPACT_EA,1296,20,25,25,224,25,4,16,4,16,16,4,415,45,45,5,4,225,37,54,54,39985,PASS,79d830ef6741a585e6d31fc0e9cd04dbfec7bddd5ecaf6dbb6a99e4380458121
A18,SCALAR,1296,20,25,25,224,25,4,16,4,16,16,4,415,45,45,5,4,225,37,54,54,39985,PASS,79d830ef6741a585e6d31fc0e9cd04dbfec7bddd5ecaf6dbb6a99e4380458121
A18,COMPACT_EA_SCALAR,1296,20,25,25,224,25,4,16,4,16,16,4,415,45,45,5,4,225,37,54,54,39985,PASS,79d830ef6741a585e6d31fc0e9cd04dbfec7bddd5ecaf6dbb6a99e4380458121
A19,BASELINE,1233,6,7,7,176,7,0,6,0,6,6,0,386,38,38,1,0,217,36,53,54,37319,PASS,d6ec847438fd3c4da1ddfcbd0f215e70efd5d031c74cd05e8bdd65424958e8f5
A19,COMPACT_EA,1233,6,7,7,176,7,0,6,0,6,6,0,386,38,38,1,0,217,36,53,54,37319,PASS,d6ec847438fd3c4da1ddfcbd0f215e70efd5d031c74cd05e8bdd65424958e8f5
A19,SCALAR,1233,6,7,7,176,7,0,6,0,6,6,0,386,38,38,1,0,217,36,53,54,37319,PASS,d6ec847438fd3c4da1ddfcbd0f215e70efd5d031c74cd05e8bdd65424958e8f5
A19,COMPACT_EA_SCALAR,1233,6,7,7,176,7,0,6,0,6,6,0,386,38,38,1,0,217,36,53,54,37319,PASS,d6ec847438fd3c4da1ddfcbd0f215e70efd5d031c74cd05e8bdd65424958e8f5
A20,BASELINE,1300,10,11,11,192,11,0,10,0,10,10,0,403,46,46,1,0,236,36,53,54,40908,PASS,82c34673ba9bacf1772eff8508b74b92d78ad5b5094530ccc05af529e9ac93df
A20,COMPACT_EA,1300,10,11,11,192,11,0,10,0,10,10,0,403,46,46,1,0,236,36,53,54,40908,PASS,82c34673ba9bacf1772eff8508b74b92d78ad5b5094530ccc05af529e9ac93df
A20,SCALAR,1300,10,11,11,192,11,0,10,0,10,10,0,403,46,46,1,0,236,36,53,54,40908,PASS,82c34673ba9bacf1772eff8508b74b92d78ad5b5094530ccc05af529e9ac93df
A20,COMPACT_EA_SCALAR,1300,10,11,11,192,11,0,10,0,10,10,0,403,46,46,1,0,236,36,53,54,40908,PASS,82c34673ba9bacf1772eff8508b74b92d78ad5b5094530ccc05af529e9ac93df
A21,BASELINE,1306,10,14,14,192,14,0,10,0,10,10,0,414,49,49,2,0,230,36,53,54,40444,PASS,80b27ec65ff586e186a6c3c5a1497d67a9497013d4f6a28180d3b2fb2120a5ac
A21,COMPACT_EA,1304,10,14,14,192,14,0,10,0,10,10,0,412,49,49,6,0,230,36,53,54,40410,PASS,6972fc8d84820719ffc70d1af525dfe557919fc417e90d1ef84d75b85a4ecbce
A21,SCALAR,1306,10,14,14,192,14,0,10,0,10,10,0,414,49,49,2,0,230,36,53,54,40444,PASS,80b27ec65ff586e186a6c3c5a1497d67a9497013d4f6a28180d3b2fb2120a5ac
A21,COMPACT_EA_SCALAR,1304,10,14,14,192,14,0,10,0,10,10,0,412,49,49,6,0,230,36,53,54,40410,PASS,6972fc8d84820719ffc70d1af525dfe557919fc417e90d1ef84d75b85a4ecbce
A22,BASELINE,1259,8,9,9,192,9,0,8,0,8,8,0,395,41,41,1,0,222,36,53,54,38403,PASS,bae9c150d6a570b173c03b44194e848c1cd6879b74769b05990a9cdab8265079
A22,COMPACT_EA,1259,8,9,9,192,9,0,8,0,8,8,0,395,41,41,1,0,222,36,53,54,38403,PASS,bae9c150d6a570b173c03b44194e848c1cd6879b74769b05990a9cdab8265079
A22,SCALAR,1259,8,9,9,192,9,0,8,0,8,8,0,395,41,41,1,0,222,36,53,54,38403,PASS,bae9c150d6a570b173c03b44194e848c1cd6879b74769b05990a9cdab8265079
A22,COMPACT_EA_SCALAR,1259,8,9,9,192,9,0,8,0,8,8,0,395,41,41,1,0,222,36,53,54,38403,PASS,bae9c150d6a570b173c03b44194e848c1cd6879b74769b05990a9cdab8265079
A23,BASELINE,1319,11,15,15,192,15,0,11,0,11,11,0,420,51,51,2,0,233,36,53,54,40915,PASS,8864918e2367e9defe6d9cfdea875acf1885350c55f736d96061042de60669c7
A23,COMPACT_EA,1316,11,15,15,192,15,0,11,0,11,11,0,417,51,51,8,0,233,36,53,54,40864,PASS,53845478f598e9ed1af226596b80336a705078b5664bd9644267cda8255865d5
A23,SCALAR,1319,11,15,15,192,15,0,11,0,11,11,0,420,51,51,2,0,233,36,53,54,40915,PASS,8864918e2367e9defe6d9cfdea875acf1885350c55f736d96061042de60669c7
A23,COMPACT_EA_SCALAR,1316,11,15,15,192,15,0,11,0,11,11,0,417,51,51,8,0,233,36,53,54,40864,PASS,53845478f598e9ed1af226596b80336a705078b5664bd9644267cda8255865d5
A24,BASELINE,1254,8,10,10,192,10,0,8,0,8,8,0,394,40,40,1,0,222,36,53,54,38233,PASS,d56905663f927f4bb73790fdd38f454e76b02470befedb9e47288962e8ececfc
A24,COMPACT_EA,1254,8,10,10,192,10,0,8,0,8,8,0,394,40,40,1,0,222,36,53,54,38233,PASS,d56905663f927f4bb73790fdd38f454e76b02470befedb9e47288962e8ececfc
A24,SCALAR,1254,8,10,10,192,10,0,8,0,8,8,0,394,40,40,1,0,222,36,53,54,38233,PASS,d56905663f927f4bb73790fdd38f454e76b02470befedb9e47288962e8ececfc
A24,COMPACT_EA_SCALAR,1254,8,10,10,192,10,0,8,0,8,8,0,394,40,40,1,0,222,36,53,54,38233,PASS,d56905663f927f4bb73790fdd38f454e76b02470befedb9e47288962e8ececfc
A25,BASELINE,1155,2,3,3,160,3,0,2,0,2,2,0,367,28,28,1,0,196,36,53,54,33302,PASS,ee76d418393dc122f75aa10b9afc03b82a3ddcd97deda1f5298569623e4b15d3
A25,COMPACT_EA,1155,2,3,3,160,3,0,2,0,2,2,0,367,28,28,1,0,196,36,53,54,33302,PASS,ee76d418393dc122f75aa10b9afc03b82a3ddcd97deda1f5298569623e4b15d3
A25,SCALAR,1155,2,3,3,160,3,0,2,0,2,2,0,367,28,28,1,0,196,36,53,54,33302,PASS,ee76d418393dc122f75aa10b9afc03b82a3ddcd97deda1f5298569623e4b15d3
A25,COMPACT_EA_SCALAR,1155,2,3,3,160,3,0,2,0,2,2,0,367,28,28,1,0,196,36,53,54,33302,PASS,ee76d418393dc122f75aa10b9afc03b82a3ddcd97deda1f5298569623e4b15d3
A26,BASELINE,1219,5,7,7,176,7,0,5,0,5,5,0,382,36,36,1,0,215,36,53,54,36655,PASS,6755b5a2bea561f9dae89207ab6f2b36be79a07bd13d7884a0a96078306a96d6
A26,COMPACT_EA,1219,5,7,7,176,7,0,5,0,5,5,0,382,36,36,1,0,215,36,53,54,36655,PASS,6755b5a2bea561f9dae89207ab6f2b36be79a07bd13d7884a0a96078306a96d6
A26,SCALAR,1219,5,7,7,176,7,0,5,0,5,5,0,382,36,36,1,0,215,36,53,54,36655,PASS,6755b5a2bea561f9dae89207ab6f2b36be79a07bd13d7884a0a96078306a96d6
A26,COMPACT_EA_SCALAR,1219,5,7,7,176,7,0,5,0,5,5,0,382,36,36,1,0,215,36,53,54,36655,PASS,6755b5a2bea561f9dae89207ab6f2b36be79a07bd13d7884a0a96078306a96d6
A27,BASELINE,1479,38,39,39,320,39,4,34,4,34,34,4,484,64,64,1,8,259,36,53,54,47825,PASS,f970665b6145476c2763fb6047c672bb02b96954b4a964a6e043fbb1456dad86
A27,COMPACT_EA,1479,38,39,39,320,39,4,34,4,34,34,4,484,64,64,1,8,259,36,53,54,47825,PASS,f970665b6145476c2763fb6047c672bb02b96954b4a964a6e043fbb1456dad86
A27,SCALAR,1479,38,39,39,320,39,4,34,4,34,34,4,484,64,64,1,8,259,36,53,54,47825,PASS,f970665b6145476c2763fb6047c672bb02b96954b4a964a6e043fbb1456dad86
A27,COMPACT_EA_SCALAR,1479,38,39,39,320,39,4,34,4,34,34,4,484,64,64,1,8,259,36,53,54,47825,PASS,f970665b6145476c2763fb6047c672bb02b96954b4a964a6e043fbb1456dad86
A28,BASELINE,1480,39,40,40,320,40,4,35,4,35,35,4,485,64,64,1,8,259,36,53,54,47881,PASS,2a127498b9934204ba3fee167e817e1ae40ef8d471154b49888226a3f97e9db5
A28,COMPACT_EA,1480,39,40,40,320,40,4,35,4,35,35,4,485,64,64,1,8,259,36,53,54,47881,PASS,2a127498b9934204ba3fee167e817e1ae40ef8d471154b49888226a3f97e9db5
A28,SCALAR,1480,39,40,40,320,40,4,35,4,35,35,4,485,64,64,1,8,259,36,53,54,47881,PASS,2a127498b9934204ba3fee167e817e1ae40ef8d471154b49888226a3f97e9db5
A28,COMPACT_EA_SCALAR,1480,39,40,40,320,40,4,35,4,35,35,4,485,64,64,1,8,259,36,53,54,47881,PASS,2a127498b9934204ba3fee167e817e1ae40ef8d471154b49888226a3f97e9db5
A29,BASELINE,1335,16,25,25,224,25,2,14,2,14,14,2,427,53,53,6,0,233,37,54,54,41737,PASS,8bef7deee48c1295e38006e573bbb50f331b83ad726d6595bc27a70408e89fe1
A29,COMPACT_EA,1333,16,25,25,224,25,2,14,2,14,14,2,425,53,53,10,0,233,37,54,54,41703,PASS,30a0894f4f5a218c21a5f39dbb1958e557bc27f2d0f48782d6bae44bbb213a9d
A29,SCALAR,1335,16,25,25,224,25,2,14,2,14,14,2,427,53,53,6,0,233,37,54,54,41737,PASS,8bef7deee48c1295e38006e573bbb50f331b83ad726d6595bc27a70408e89fe1
A29,COMPACT_EA_SCALAR,1333,16,25,25,224,25,2,14,2,14,14,2,425,53,53,10,0,233,37,54,54,41703,PASS,30a0894f4f5a218c21a5f39dbb1958e557bc27f2d0f48782d6bae44bbb213a9d
A30,BASELINE,1259,8,9,9,192,9,0,8,0,8,8,0,395,41,41,1,0,222,36,53,54,38403,PASS,bae9c150d6a570b173c03b44194e848c1cd6879b74769b05990a9cdab8265079
A30,COMPACT_EA,1259,8,9,9,192,9,0,8,0,8,8,0,395,41,41,1,0,222,36,53,54,38403,PASS,bae9c150d6a570b173c03b44194e848c1cd6879b74769b05990a9cdab8265079
A30,SCALAR,1259,8,9,9,192,9,0,8,0,8,8,0,395,41,41,1,0,222,36,53,54,38403,PASS,bae9c150d6a570b173c03b44194e848c1cd6879b74769b05990a9cdab8265079
A30,COMPACT_EA_SCALAR,1259,8,9,9,192,9,0,8,0,8,8,0,395,41,41,1,0,222,36,53,54,38403,PASS,bae9c150d6a570b173c03b44194e848c1cd6879b74769b05990a9cdab8265079
A31,BASELINE,1233,6,7,7,176,7,0,6,0,6,6,0,386,38,38,1,0,217,36,53,54,37319,PASS,d6ec847438fd3c4da1ddfcbd0f215e70efd5d031c74cd05e8bdd65424958e8f5
A31,COMPACT_EA,1233,6,7,7,176,7,0,6,0,6,6,0,386,38,38,1,0,217,36,53,54,37319,PASS,d6ec847438fd3c4da1ddfcbd0f215e70efd5d031c74cd05e8bdd65424958e8f5
A31,SCALAR,1233,6,7,7,176,7,0,6,0,6,6,0,386,38,38,1,0,217,36,53,54,37319,PASS,d6ec847438fd3c4da1ddfcbd0f215e70efd5d031c74cd05e8bdd65424958e8f5
A31,COMPACT_EA_SCALAR,1233,6,7,7,176,7,0,6,0,6,6,0,386,38,38,1,0,217,36,53,54,37319,PASS,d6ec847438fd3c4da1ddfcbd0f215e70efd5d031c74cd05e8bdd65424958e8f5
A32,BASELINE,1300,10,11,11,192,11,0,10,0,10,10,0,403,46,46,1,0,236,36,53,54,40908,PASS,82c34673ba9bacf1772eff8508b74b92d78ad5b5094530ccc05af529e9ac93df
A32,COMPACT_EA,1300,10,11,11,192,11,0,10,0,10,10,0,403,46,46,1,0,236,36,53,54,40908,PASS,82c34673ba9bacf1772eff8508b74b92d78ad5b5094530ccc05af529e9ac93df
A32,SCALAR,1300,10,11,11,192,11,0,10,0,10,10,0,403,46,46,1,0,236,36,53,54,40908,PASS,82c34673ba9bacf1772eff8508b74b92d78ad5b5094530ccc05af529e9ac93df
A32,COMPACT_EA_SCALAR,1300,10,11,11,192,11,0,10,0,10,10,0,403,46,46,1,0,236,36,53,54,40908,PASS,82c34673ba9bacf1772eff8508b74b92d78ad5b5094530ccc05af529e9ac93df
A33,BASELINE,1306,10,14,14,192,14,0,10,0,10,10,0,414,49,49,2,0,230,36,53,54,40444,PASS,80b27ec65ff586e186a6c3c5a1497d67a9497013d4f6a28180d3b2fb2120a5ac
A33,COMPACT_EA,1304,10,14,14,192,14,0,10,0,10,10,0,412,49,49,6,0,230,36,53,54,40410,PASS,6972fc8d84820719ffc70d1af525dfe557919fc417e90d1ef84d75b85a4ecbce
A33,SCALAR,1306,10,14,14,192,14,0,10,0,10,10,0,414,49,49,2,0,230,36,53,54,40444,PASS,80b27ec65ff586e186a6c3c5a1497d67a9497013d4f6a28180d3b2fb2120a5ac
A33,COMPACT_EA_SCALAR,1304,10,14,14,192,14,0,10,0,10,10,0,412,49,49,6,0,230,36,53,54,40410,PASS,6972fc8d84820719ffc70d1af525dfe557919fc417e90d1ef84d75b85a4ecbce
A34,BASELINE,1249,6,7,7,176,7,0,6,0,6,6,0,391,40,40,1,0,220,36,53,54,37896,PASS,a3a0dcae0757e7f9af3f7a3ee0a223566d6c73548ed7e697be80311db721605e
A34,COMPACT_EA,1249,6,7,7,176,7,0,6,0,6,6,0,391,40,40,1,0,220,36,53,54,37896,PASS,a3a0dcae0757e7f9af3f7a3ee0a223566d6c73548ed7e697be80311db721605e
A34,SCALAR,1249,6,7,7,176,7,0,6,0,6,6,0,391,40,40,1,0,220,36,53,54,37896,PASS,a3a0dcae0757e7f9af3f7a3ee0a223566d6c73548ed7e697be80311db721605e
A34,COMPACT_EA_SCALAR,1249,6,7,7,176,7,0,6,0,6,6,0,391,40,40,1,0,220,36,53,54,37896,PASS,a3a0dcae0757e7f9af3f7a3ee0a223566d6c73548ed7e697be80311db721605e
A35,BASELINE,1259,8,9,9,192,9,0,8,0,8,8,0,395,41,41,1,0,222,36,53,54,38403,PASS,bae9c150d6a570b173c03b44194e848c1cd6879b74769b05990a9cdab8265079
A35,COMPACT_EA,1259,8,9,9,192,9,0,8,0,8,8,0,395,41,41,1,0,222,36,53,54,38403,PASS,bae9c150d6a570b173c03b44194e848c1cd6879b74769b05990a9cdab8265079
A35,SCALAR,1259,8,9,9,192,9,0,8,0,8,8,0,395,41,41,1,0,222,36,53,54,38403,PASS,bae9c150d6a570b173c03b44194e848c1cd6879b74769b05990a9cdab8265079
A35,COMPACT_EA_SCALAR,1259,8,9,9,192,9,0,8,0,8,8,0,395,41,41,1,0,222,36,53,54,38403,PASS,bae9c150d6a570b173c03b44194e848c1cd6879b74769b05990a9cdab8265079
A36,BASELINE,1479,38,39,39,320,39,4,34,4,34,34,4,484,64,64,1,8,259,36,53,54,47825,PASS,03f93d2efb9033bf733bd7adfcfbe572f04320e891c2e58930656e72914ce3f0
A36,COMPACT_EA,1479,38,39,39,320,39,4,34,4,34,34,4,484,64,64,1,8,259,36,53,54,47825,PASS,03f93d2efb9033bf733bd7adfcfbe572f04320e891c2e58930656e72914ce3f0
A36,SCALAR,1479,38,39,39,320,39,4,34,4,34,34,4,484,64,64,1,8,259,36,53,54,47825,PASS,03f93d2efb9033bf733bd7adfcfbe572f04320e891c2e58930656e72914ce3f0
A36,COMPACT_EA_SCALAR,1479,38,39,39,320,39,4,34,4,34,34,4,484,64,64,1,8,259,36,53,54,47825,PASS,03f93d2efb9033bf733bd7adfcfbe572f04320e891c2e58930656e72914ce3f0
A37,BASELINE,1155,2,3,3,160,3,0,2,0,2,2,0,367,28,28,1,0,196,36,53,54,33302,PASS,ee76d418393dc122f75aa10b9afc03b82a3ddcd97deda1f5298569623e4b15d3
A37,COMPACT_EA,1155,2,3,3,160,3,0,2,0,2,2,0,367,28,28,1,0,196,36,53,54,33302,PASS,ee76d418393dc122f75aa10b9afc03b82a3ddcd97deda1f5298569623e4b15d3
A37,SCALAR,1155,2,3,3,160,3,0,2,0,2,2,0,367,28,28,1,0,196,36,53,54,33302,PASS,ee76d418393dc122f75aa10b9afc03b82a3ddcd97deda1f5298569623e4b15d3
A37,COMPACT_EA_SCALAR,1155,2,3,3,160,3,0,2,0,2,2,0,367,28,28,1,0,196,36,53,54,33302,PASS,ee76d418393dc122f75aa10b9afc03b82a3ddcd97deda1f5298569623e4b15d3
A38,BASELINE,1235,11,14,14,192,14,2,9,2,9,9,2,393,38,38,5,0,212,37,54,54,37032,PASS,004b15f7eb2e02dc624c2574d5cc75c4625201c0558be79c4b748c394916949e
A38,COMPACT_EA,1235,11,14,14,192,14,2,9,2,9,9,2,393,38,38,5,0,212,37,54,54,37032,PASS,004b15f7eb2e02dc624c2574d5cc75c4625201c0558be79c4b748c394916949e
A38,SCALAR,1235,11,14,14,192,14,2,9,2,9,9,2,393,38,38,5,0,212,37,54,54,37032,PASS,004b15f7eb2e02dc624c2574d5cc75c4625201c0558be79c4b748c394916949e
A38,COMPACT_EA_SCALAR,1235,11,14,14,192,14,2,9,2,9,9,2,393,38,38,5,0,212,37,54,54,37032,PASS,004b15f7eb2e02dc624c2574d5cc75c4625201c0558be79c4b748c394916949e
A39,BASELINE,1290,19,24,24,224,24,4,15,4,15,15,4,411,45,45,9,0,223,38,55,54,39744,PASS,8ce946f861f403b1276d185c538324c2975f5c9cdf3166b882053fbd379d0a8c
A39,COMPACT_EA,1290,19,24,24,224,24,4,15,4,15,15,4,411,45,45,9,0,223,38,55,54,39744,PASS,8ce946f861f403b1276d185c538324c2975f5c9cdf3166b882053fbd379d0a8c
A39,SCALAR,1290,19,24,24,224,24,4,15,4,15,15,4,411,45,45,9,0,223,38,55,54,39744,PASS,8ce946f861f403b1276d185c538324c2975f5c9cdf3166b882053fbd379d0a8c
A39,COMPACT_EA_SCALAR,1290,19,24,24,224,24,4,15,4,15,15,4,411,45,45,9,0,223,38,55,54,39744,PASS,8ce946f861f403b1276d185c538324c2975f5c9cdf3166b882053fbd379d0a8c
A40,BASELINE,1286,18,23,23,224,23,4,14,4,14,14,4,411,44,44,4,5,223,37,54,54,39470,PASS,c36710b2fc71f1728fa9cf07bd659df24319e61b70deba1bb3ac6d80711b1497
A40,COMPACT_EA,1286,18,23,23,224,23,4,14,4,14,14,4,411,44,44,4,5,223,37,54,54,39470,PASS,c36710b2fc71f1728fa9cf07bd659df24319e61b70deba1bb3ac6d80711b1497
A40,SCALAR,1286,18,23,23,224,23,4,14,4,14,14,4,411,44,44,4,5,223,37,54,54,39470,PASS,c36710b2fc71f1728fa9cf07bd659df24319e61b70deba1bb3ac6d80711b1497
A40,COMPACT_EA_SCALAR,1286,18,23,23,224,23,4,14,4,14,14,4,411,44,44,4,5,223,37,54,54,39470,PASS,c36710b2fc71f1728fa9cf07bd659df24319e61b70deba1bb3ac6d80711b1497
A41,BASELINE,1446,56,64,64,352,64,12,44,12,44,44,12,481,60,60,25,0,252,37,54,54,46693,PASS,94967dc908c69d8cee60e6bbe44f02a2728eb91b171b8c6704c5142cb064acf5
A41,COMPACT_EA,1446,56,64,64,352,64,12,44,12,44,44,12,481,60,60,25,0,252,37,54,54,46693,PASS,94967dc908c69d8cee60e6bbe44f02a2728eb91b171b8c6704c5142cb064acf5
A41,SCALAR,1446,56,64,64,352,64,12,44,12,44,44,12,481,60,60,25,0,252,37,54,54,46693,PASS,94967dc908c69d8cee60e6bbe44f02a2728eb91b171b8c6704c5142cb064acf5
A41,COMPACT_EA_SCALAR,1446,56,64,64,352,64,12,44,12,44,44,12,481,60,60,25,0,252,37,54,54,46693,PASS,94967dc908c69d8cee60e6bbe44f02a2728eb91b171b8c6704c5142cb064acf5
A42,BASELINE,1290,19,24,24,224,24,4,15,4,15,15,4,411,45,45,9,0,223,38,55,54,39707,PASS,eca41838f26c100ea51ccfee93019185ec21e29213bfe3a731007f6a3cdb7215
A42,COMPACT_EA,1290,19,24,24,224,24,4,15,4,15,15,4,411,45,45,9,0,223,38,55,54,39707,PASS,eca41838f26c100ea51ccfee93019185ec21e29213bfe3a731007f6a3cdb7215
A42,SCALAR,1290,19,24,24,224,24,4,15,4,15,15,4,411,45,45,9,0,223,38,55,54,39707,PASS,eca41838f26c100ea51ccfee93019185ec21e29213bfe3a731007f6a3cdb7215
A42,COMPACT_EA_SCALAR,1290,19,24,24,224,24,4,15,4,15,15,4,411,45,45,9,0,223,38,55,54,39707,PASS,eca41838f26c100ea51ccfee93019185ec21e29213bfe3a731007f6a3cdb7215
A43,BASELINE,0,0,0,0,0,0,0,0,0,0,0,0,0,0,0,0,0,0,0,0,0,0,DEFERRED_BY_BACKEND_CONTRACT,
A43,COMPACT_EA,0,0,0,0,0,0,0,0,0,0,0,0,0,0,0,0,0,0,0,0,0,0,DEFERRED_BY_BACKEND_CONTRACT,
A43,SCALAR,0,0,0,0,0,0,0,0,0,0,0,0,0,0,0,0,0,0,0,0,0,0,DEFERRED_BY_BACKEND_CONTRACT,
A43,COMPACT_EA_SCALAR,0,0,0,0,0,0,0,0,0,0,0,0,0,0,0,0,0,0,0,0,0,0,DEFERRED_BY_BACKEND_CONTRACT,
A44,BASELINE,0,0,0,0,0,0,0,0,0,0,0,0,0,0,0,0,0,0,0,0,0,0,DEFERRED_BY_BACKEND_CONTRACT,
A44,COMPACT_EA,0,0,0,0,0,0,0,0,0,0,0,0,0,0,0,0,0,0,0,0,0,0,DEFERRED_BY_BACKEND_CONTRACT,
A44,SCALAR,0,0,0,0,0,0,0,0,0,0,0,0,0,0,0,0,0,0,0,0,0,0,DEFERRED_BY_BACKEND_CONTRACT,
A44,COMPACT_EA_SCALAR,0,0,0,0,0,0,0,0,0,0,0,0,0,0,0,0,0,0,0,0,0,0,DEFERRED_BY_BACKEND_CONTRACT,
A45,BASELINE,0,0,0,0,0,0,0,0,0,0,0,0,0,0,0,0,0,0,0,0,0,0,DEFERRED_BY_BACKEND_CONTRACT,
A45,COMPACT_EA,0,0,0,0,0,0,0,0,0,0,0,0,0,0,0,0,0,0,0,0,0,0,DEFERRED_BY_BACKEND_CONTRACT,
A45,SCALAR,0,0,0,0,0,0,0,0,0,0,0,0,0,0,0,0,0,0,0,0,0,0,DEFERRED_BY_BACKEND_CONTRACT,
A45,COMPACT_EA_SCALAR,0,0,0,0,0,0,0,0,0,0,0,0,0,0,0,0,0,0,0,0,0,0,DEFERRED_BY_BACKEND_CONTRACT,
A46,BASELINE,1335,16,25,25,224,25,2,14,2,14,14,2,427,53,53,6,0,233,37,54,54,41737,PASS,8bef7deee48c1295e38006e573bbb50f331b83ad726d6595bc27a70408e89fe1
A46,COMPACT_EA,1333,16,25,25,224,25,2,14,2,14,14,2,425,53,53,10,0,233,37,54,54,41703,PASS,30a0894f4f5a218c21a5f39dbb1958e557bc27f2d0f48782d6bae44bbb213a9d
A46,SCALAR,1335,16,25,25,224,25,2,14,2,14,14,2,427,53,53,6,0,233,37,54,54,41737,PASS,8bef7deee48c1295e38006e573bbb50f331b83ad726d6595bc27a70408e89fe1
A46,COMPACT_EA_SCALAR,1333,16,25,25,224,25,2,14,2,14,14,2,425,53,53,10,0,233,37,54,54,41703,PASS,30a0894f4f5a218c21a5f39dbb1958e557bc27f2d0f48782d6bae44bbb213a9d
A47,BASELINE,1340,13,20,20,192,20,0,13,0,13,13,0,433,55,55,3,0,231,36,53,54,41501,PASS,7e17fe1127a8257cd6822a1e837080a0207fdd8eae94b348da3b43de92af6ce6
A47,COMPACT_EA,1336,13,20,20,192,20,0,13,0,13,13,0,429,55,55,11,0,231,36,53,54,41433,PASS,43e6341b8633d501c7c06a95f8ab1aac603aebb53119d48c168ff38594b5aa6c
A47,SCALAR,1340,13,20,20,192,20,0,13,0,13,13,0,433,55,55,3,0,231,36,53,54,41501,PASS,7e17fe1127a8257cd6822a1e837080a0207fdd8eae94b348da3b43de92af6ce6
A47,COMPACT_EA_SCALAR,1336,13,20,20,192,20,0,13,0,13,13,0,429,55,55,11,0,231,36,53,54,41433,PASS,43e6341b8633d501c7c06a95f8ab1aac603aebb53119d48c168ff38594b5aa6c
A48,BASELINE,1319,11,15,15,192,15,0,11,0,11,11,0,420,51,51,2,0,233,36,53,54,40915,PASS,8864918e2367e9defe6d9cfdea875acf1885350c55f736d96061042de60669c7
A48,COMPACT_EA,1316,11,15,15,192,15,0,11,0,11,11,0,417,51,51,8,0,233,36,53,54,40864,PASS,53845478f598e9ed1af226596b80336a705078b5664bd9644267cda8255865d5
A48,SCALAR,1319,11,15,15,192,15,0,11,0,11,11,0,420,51,51,2,0,233,36,53,54,40915,PASS,8864918e2367e9defe6d9cfdea875acf1885350c55f736d96061042de60669c7
A48,COMPACT_EA_SCALAR,1316,11,15,15,192,15,0,11,0,11,11,0,417,51,51,8,0,233,36,53,54,40864,PASS,53845478f598e9ed1af226596b80336a705078b5664bd9644267cda8255865d5
A49,BASELINE,1335,16,25,25,224,25,2,14,2,14,14,2,427,53,53,6,0,233,37,54,54,41737,PASS,8bef7deee48c1295e38006e573bbb50f331b83ad726d6595bc27a70408e89fe1
A49,COMPACT_EA,1333,16,25,25,224,25,2,14,2,14,14,2,425,53,53,10,0,233,37,54,54,41703,PASS,30a0894f4f5a218c21a5f39dbb1958e557bc27f2d0f48782d6bae44bbb213a9d
A49,SCALAR,1335,16,25,25,224,25,2,14,2,14,14,2,427,53,53,6,0,233,37,54,54,41737,PASS,8bef7deee48c1295e38006e573bbb50f331b83ad726d6595bc27a70408e89fe1
A49,COMPACT_EA_SCALAR,1333,16,25,25,224,25,2,14,2,14,14,2,425,53,53,10,0,233,37,54,54,41703,PASS,30a0894f4f5a218c21a5f39dbb1958e557bc27f2d0f48782d6bae44bbb213a9d
A50,BASELINE,1296,20,25,25,224,25,4,16,4,16,16,4,415,45,45,5,4,225,37,54,54,39985,PASS,79d830ef6741a585e6d31fc0e9cd04dbfec7bddd5ecaf6dbb6a99e4380458121
A50,COMPACT_EA,1296,20,25,25,224,25,4,16,4,16,16,4,415,45,45,5,4,225,37,54,54,39985,PASS,79d830ef6741a585e6d31fc0e9cd04dbfec7bddd5ecaf6dbb6a99e4380458121
A50,SCALAR,1296,20,25,25,224,25,4,16,4,16,16,4,415,45,45,5,4,225,37,54,54,39985,PASS,79d830ef6741a585e6d31fc0e9cd04dbfec7bddd5ecaf6dbb6a99e4380458121
A50,COMPACT_EA_SCALAR,1296,20,25,25,224,25,4,16,4,16,16,4,415,45,45,5,4,225,37,54,54,39985,PASS,79d830ef6741a585e6d31fc0e9cd04dbfec7bddd5ecaf6dbb6a99e4380458121
A51,BASELINE,1290,19,24,24,224,24,4,15,4,15,15,4,411,45,45,9,0,223,38,55,54,39707,PASS,eca41838f26c100ea51ccfee93019185ec21e29213bfe3a731007f6a3cdb7215
A51,COMPACT_EA,1290,19,24,24,224,24,4,15,4,15,15,4,411,45,45,9,0,223,38,55,54,39707,PASS,eca41838f26c100ea51ccfee93019185ec21e29213bfe3a731007f6a3cdb7215
A51,SCALAR,1290,19,24,24,224,24,4,15,4,15,15,4,411,45,45,9,0,223,38,55,54,39707,PASS,eca41838f26c100ea51ccfee93019185ec21e29213bfe3a731007f6a3cdb7215
A51,COMPACT_EA_SCALAR,1290,19,24,24,224,24,4,15,4,15,15,4,411,45,45,9,0,223,38,55,54,39707,PASS,eca41838f26c100ea51ccfee93019185ec21e29213bfe3a731007f6a3cdb7215
A52,BASELINE,1319,11,15,15,192,15,0,11,0,11,11,0,420,51,51,2,0,233,36,53,54,40915,PASS,8864918e2367e9defe6d9cfdea875acf1885350c55f736d96061042de60669c7
A52,COMPACT_EA,1316,11,15,15,192,15,0,11,0,11,11,0,417,51,51,8,0,233,36,53,54,40864,PASS,53845478f598e9ed1af226596b80336a705078b5664bd9644267cda8255865d5
A52,SCALAR,1319,11,15,15,192,15,0,11,0,11,11,0,420,51,51,2,0,233,36,53,54,40915,PASS,8864918e2367e9defe6d9cfdea875acf1885350c55f736d96061042de60669c7
A52,COMPACT_EA_SCALAR,1316,11,15,15,192,15,0,11,0,11,11,0,417,51,51,8,0,233,36,53,54,40864,PASS,53845478f598e9ed1af226596b80336a705078b5664bd9644267cda8255865d5
A53,BASELINE,1340,13,20,20,192,20,0,13,0,13,13,0,433,55,55,3,0,231,36,53,54,41501,PASS,7e17fe1127a8257cd6822a1e837080a0207fdd8eae94b348da3b43de92af6ce6
A53,COMPACT_EA,1336,13,20,20,192,20,0,13,0,13,13,0,429,55,55,11,0,231,36,53,54,41433,PASS,43e6341b8633d501c7c06a95f8ab1aac603aebb53119d48c168ff38594b5aa6c
A53,SCALAR,1340,13,20,20,192,20,0,13,0,13,13,0,433,55,55,3,0,231,36,53,54,41501,PASS,7e17fe1127a8257cd6822a1e837080a0207fdd8eae94b348da3b43de92af6ce6
A53,COMPACT_EA_SCALAR,1336,13,20,20,192,20,0,13,0,13,13,0,429,55,55,11,0,231,36,53,54,41433,PASS,43e6341b8633d501c7c06a95f8ab1aac603aebb53119d48c168ff38594b5aa6c
A54,BASELINE,1272,10,14,14,208,14,0,10,0,10,10,0,410,44,44,2,0,218,36,53,54,38464,PASS,495ff4e21f2493193bca6512be027c38dee0c6c4afa475c385da7988d0740cd0
A54,COMPACT_EA,1270,10,14,14,208,14,0,10,0,10,10,0,408,44,44,6,0,218,36,53,54,38430,PASS,36fd2f008f33ddd548c85a0ded49f171e44cce62a74f77327050753e0df2d7f6
A54,SCALAR,1272,10,14,14,208,14,0,10,0,10,10,0,410,44,44,2,0,218,36,53,54,38464,PASS,495ff4e21f2493193bca6512be027c38dee0c6c4afa475c385da7988d0740cd0
A54,COMPACT_EA_SCALAR,1270,10,14,14,208,14,0,10,0,10,10,0,408,44,44,6,0,218,36,53,54,38430,PASS,36fd2f008f33ddd548c85a0ded49f171e44cce62a74f77327050753e0df2d7f6
A55,BASELINE,1155,2,3,3,160,3,0,2,0,2,2,0,367,28,28,1,0,196,36,53,54,33302,PASS,ee76d418393dc122f75aa10b9afc03b82a3ddcd97deda1f5298569623e4b15d3
A55,COMPACT_EA,1155,2,3,3,160,3,0,2,0,2,2,0,367,28,28,1,0,196,36,53,54,33302,PASS,ee76d418393dc122f75aa10b9afc03b82a3ddcd97deda1f5298569623e4b15d3
A55,SCALAR,1155,2,3,3,160,3,0,2,0,2,2,0,367,28,28,1,0,196,36,53,54,33302,PASS,ee76d418393dc122f75aa10b9afc03b82a3ddcd97deda1f5298569623e4b15d3
A55,COMPACT_EA_SCALAR,1155,2,3,3,160,3,0,2,0,2,2,0,367,28,28,1,0,196,36,53,54,33302,PASS,ee76d418393dc122f75aa10b9afc03b82a3ddcd97deda1f5298569623e4b15d3
A56,BASELINE,1155,2,3,3,160,3,0,2,0,2,2,0,367,28,28,1,0,196,36,53,54,33302,PASS,ee76d418393dc122f75aa10b9afc03b82a3ddcd97deda1f5298569623e4b15d3
A56,COMPACT_EA,1155,2,3,3,160,3,0,2,0,2,2,0,367,28,28,1,0,196,36,53,54,33302,PASS,ee76d418393dc122f75aa10b9afc03b82a3ddcd97deda1f5298569623e4b15d3
A56,SCALAR,1155,2,3,3,160,3,0,2,0,2,2,0,367,28,28,1,0,196,36,53,54,33302,PASS,ee76d418393dc122f75aa10b9afc03b82a3ddcd97deda1f5298569623e4b15d3
A56,COMPACT_EA_SCALAR,1155,2,3,3,160,3,0,2,0,2,2,0,367,28,28,1,0,196,36,53,54,33302,PASS,ee76d418393dc122f75aa10b9afc03b82a3ddcd97deda1f5298569623e4b15d3
A57,BASELINE,0,0,0,0,0,0,0,0,0,0,0,0,0,0,0,0,0,0,0,0,0,0,DEFERRED_BY_BACKEND_CONTRACT,
A57,COMPACT_EA,0,0,0,0,0,0,0,0,0,0,0,0,0,0,0,0,0,0,0,0,0,0,DEFERRED_BY_BACKEND_CONTRACT,
A57,SCALAR,0,0,0,0,0,0,0,0,0,0,0,0,0,0,0,0,0,0,0,0,0,0,DEFERRED_BY_BACKEND_CONTRACT,
A57,COMPACT_EA_SCALAR,0,0,0,0,0,0,0,0,0,0,0,0,0,0,0,0,0,0,0,0,0,0,DEFERRED_BY_BACKEND_CONTRACT,
A58,BASELINE,0,0,0,0,0,0,0,0,0,0,0,0,0,0,0,0,0,0,0,0,0,0,DEFERRED_BY_BACKEND_CONTRACT,
A58,COMPACT_EA,0,0,0,0,0,0,0,0,0,0,0,0,0,0,0,0,0,0,0,0,0,0,DEFERRED_BY_BACKEND_CONTRACT,
A58,SCALAR,0,0,0,0,0,0,0,0,0,0,0,0,0,0,0,0,0,0,0,0,0,0,DEFERRED_BY_BACKEND_CONTRACT,
A58,COMPACT_EA_SCALAR,0,0,0,0,0,0,0,0,0,0,0,0,0,0,0,0,0,0,0,0,0,0,DEFERRED_BY_BACKEND_CONTRACT,
A59,BASELINE,1219,5,7,7,176,7,0,5,0,5,5,0,382,36,36,1,0,215,36,53,54,36655,PASS,6755b5a2bea561f9dae89207ab6f2b36be79a07bd13d7884a0a96078306a96d6
A59,COMPACT_EA,1219,5,7,7,176,7,0,5,0,5,5,0,382,36,36,1,0,215,36,53,54,36655,PASS,6755b5a2bea561f9dae89207ab6f2b36be79a07bd13d7884a0a96078306a96d6
A59,SCALAR,1219,5,7,7,176,7,0,5,0,5,5,0,382,36,36,1,0,215,36,53,54,36655,PASS,6755b5a2bea561f9dae89207ab6f2b36be79a07bd13d7884a0a96078306a96d6
A59,COMPACT_EA_SCALAR,1219,5,7,7,176,7,0,5,0,5,5,0,382,36,36,1,0,215,36,53,54,36655,PASS,6755b5a2bea561f9dae89207ab6f2b36be79a07bd13d7884a0a96078306a96d6
A60,BASELINE,1238,8,12,12,224,12,0,8,0,8,8,0,399,40,40,2,0,211,36,53,54,36918,PASS,3f2b00a8ed1e57a2c7789084141d4a8be3767fea86a5a2c661f22311ec6d403e
A60,COMPACT_EA,1236,8,12,12,224,12,0,8,0,8,8,0,397,40,40,6,0,211,36,53,54,36884,PASS,a04fad0fb1a8db16022947f1fde59e701d2700c2b79c9265a391715a9b2132b5
A60,SCALAR,1238,8,12,12,224,12,0,8,0,8,8,0,399,40,40,2,0,211,36,53,54,36918,PASS,3f2b00a8ed1e57a2c7789084141d4a8be3767fea86a5a2c661f22311ec6d403e
A60,COMPACT_EA_SCALAR,1236,8,12,12,224,12,0,8,0,8,8,0,397,40,40,6,0,211,36,53,54,36884,PASS,a04fad0fb1a8db16022947f1fde59e701d2700c2b79c9265a391715a9b2132b5
R01,BASELINE,1263,9,13,13,192,13,0,9,0,9,9,0,407,43,43,2,0,216,36,53,54,37979,PASS,17bfff9f72c50277c3d67ba9f3b1e3660dd88e9037310bb277bcdc5aa6a1c846
R01,COMPACT_EA,1261,9,13,13,192,13,0,9,0,9,9,0,405,43,43,6,0,216,36,53,54,37945,PASS,6bf2241374696645fb9dae1069a95a342a6fcfa0768005aa67f80ec0aa21305f
R01,SCALAR,1263,9,13,13,192,13,0,9,0,9,9,0,407,43,43,2,0,216,36,53,54,37979,PASS,17bfff9f72c50277c3d67ba9f3b1e3660dd88e9037310bb277bcdc5aa6a1c846
R01,COMPACT_EA_SCALAR,1261,9,13,13,192,13,0,9,0,9,9,0,405,43,43,6,0,216,36,53,54,37945,PASS,6bf2241374696645fb9dae1069a95a342a6fcfa0768005aa67f80ec0aa21305f
R02,BASELINE,1263,9,13,13,208,13,0,9,0,9,9,0,407,43,43,2,0,216,36,53,54,37979,PASS,3288cb78d036f45a5b0975434113198111f741d96b11c2ad8cd74ffa479fa3c8
R02,COMPACT_EA,1261,9,13,13,208,13,0,9,0,9,9,0,405,43,43,6,0,216,36,53,54,37945,PASS,7a432af0d2ea1a3ea2705c887c05a8812f6022d5cd653f6ba09e0b8976dfd0c5
R02,SCALAR,1263,9,13,13,208,13,0,9,0,9,9,0,407,43,43,2,0,216,36,53,54,37979,PASS,3288cb78d036f45a5b0975434113198111f741d96b11c2ad8cd74ffa479fa3c8
R02,COMPACT_EA_SCALAR,1261,9,13,13,208,13,0,9,0,9,9,0,405,43,43,6,0,216,36,53,54,37945,PASS,7a432af0d2ea1a3ea2705c887c05a8812f6022d5cd653f6ba09e0b8976dfd0c5
R03,BASELINE,1272,10,14,14,208,14,0,10,0,10,10,0,410,44,44,2,0,218,36,53,54,38465,PASS,ba032ca0ed6a621691fee937303ba245830f1b61304686ea0c6e9f1104082c3f
R03,COMPACT_EA,1270,10,14,14,208,14,0,10,0,10,10,0,408,44,44,6,0,218,36,53,54,38431,PASS,9dd7059a6994b49718ac0e50016c6701bc34ae19ed622371b027d79c0a7e2230
R03,SCALAR,1272,10,14,14,208,14,0,10,0,10,10,0,410,44,44,2,0,218,36,53,54,38465,PASS,ba032ca0ed6a621691fee937303ba245830f1b61304686ea0c6e9f1104082c3f
R03,COMPACT_EA_SCALAR,1270,10,14,14,208,14,0,10,0,10,10,0,408,44,44,6,0,218,36,53,54,38431,PASS,9dd7059a6994b49718ac0e50016c6701bc34ae19ed622371b027d79c0a7e2230
R04,BASELINE,1332,13,20,20,208,20,0,13,0,13,13,0,431,54,54,3,0,229,36,53,54,41048,PASS,1f0d52de3c79fffc50d8c2d792106195800e3e7a2c1395ca2977fcab6bf2d0ae
R04,COMPACT_EA,1328,13,20,20,208,20,0,13,0,13,13,0,427,54,54,11,0,229,36,53,54,40980,PASS,49146af56edaa06cebfa64552b1baf484337669e8a52616cbf0c903767c2b35d
R04,SCALAR,1332,13,20,20,208,20,0,13,0,13,13,0,431,54,54,3,0,229,36,53,54,41048,PASS,1f0d52de3c79fffc50d8c2d792106195800e3e7a2c1395ca2977fcab6bf2d0ae
R04,COMPACT_EA_SCALAR,1328,13,20,20,208,20,0,13,0,13,13,0,427,54,54,11,0,229,36,53,54,40980,PASS,49146af56edaa06cebfa64552b1baf484337669e8a52616cbf0c903767c2b35d
R05,BASELINE,1263,9,13,13,224,13,0,9,0,9,9,0,407,43,43,2,0,216,36,53,54,37985,PASS,f12f5ecfefeeb09f9000ca90181f32c03acd2b926a613e249e8199a26642637b
R05,COMPACT_EA,1261,9,13,13,224,13,0,9,0,9,9,0,405,43,43,6,0,216,36,53,54,37951,PASS,a286c89fafda6de4ec582763517c7c3613c275526fb62396f5bdf0d59196da27
R05,SCALAR,1263,9,13,13,224,13,0,9,0,9,9,0,407,43,43,2,0,216,36,53,54,37985,PASS,f12f5ecfefeeb09f9000ca90181f32c03acd2b926a613e249e8199a26642637b
R05,COMPACT_EA_SCALAR,1261,9,13,13,224,13,0,9,0,9,9,0,405,43,43,6,0,216,36,53,54,37951,PASS,a286c89fafda6de4ec582763517c7c3613c275526fb62396f5bdf0d59196da27
R06,BASELINE,1319,11,15,15,208,15,0,11,0,11,11,0,420,51,51,2,0,233,36,53,54,40915,PASS,aaada07de07a782516cf7e3bae38d72dba4d6678d2f82cc4d74186b265d1f332
R06,COMPACT_EA,1316,11,15,15,208,15,0,11,0,11,11,0,417,51,51,8,0,233,36,53,54,40864,PASS,b197b0e8396a688595364fd37fe9d6c234649a0c4fc5b1288785ecfce7f660de
R06,SCALAR,1319,11,15,15,208,15,0,11,0,11,11,0,420,51,51,2,0,233,36,53,54,40915,PASS,aaada07de07a782516cf7e3bae38d72dba4d6678d2f82cc4d74186b265d1f332
R06,COMPACT_EA_SCALAR,1316,11,15,15,208,15,0,11,0,11,11,0,417,51,51,8,0,233,36,53,54,40864,PASS,b197b0e8396a688595364fd37fe9d6c234649a0c4fc5b1288785ecfce7f660de
R07,BASELINE,1306,10,14,14,208,14,0,10,0,10,10,0,414,49,49,2,0,230,36,53,54,40435,PASS,cb002b22c26159e9f8600a27239c311520a3e740d6450cad68b3aad9114c5140
R07,COMPACT_EA,1304,10,14,14,208,14,0,10,0,10,10,0,412,49,49,6,0,230,36,53,54,40401,PASS,6c137a5233f82065c340ddffb026bba8a727f4ad5a87b613098f0773a7709f28
R07,SCALAR,1306,10,14,14,208,14,0,10,0,10,10,0,414,49,49,2,0,230,36,53,54,40435,PASS,cb002b22c26159e9f8600a27239c311520a3e740d6450cad68b3aad9114c5140
R07,COMPACT_EA_SCALAR,1304,10,14,14,208,14,0,10,0,10,10,0,412,49,49,6,0,230,36,53,54,40401,PASS,6c137a5233f82065c340ddffb026bba8a727f4ad5a87b613098f0773a7709f28
R08,BASELINE,1263,9,13,13,224,13,0,9,0,9,9,0,407,43,43,2,0,216,36,53,54,37985,PASS,de208814ba05887ce3dd216e4bdda32dbdfd844510746269ab4e02647780ec80
R08,COMPACT_EA,1261,9,13,13,224,13,0,9,0,9,9,0,405,43,43,6,0,216,36,53,54,37951,PASS,b9c4ee52e1d7b1d046c265af10e805a6a27e1fb3cd66f6ff45784a91f5102237
R08,SCALAR,1263,9,13,13,224,13,0,9,0,9,9,0,407,43,43,2,0,216,36,53,54,37985,PASS,de208814ba05887ce3dd216e4bdda32dbdfd844510746269ab4e02647780ec80
R08,COMPACT_EA_SCALAR,1261,9,13,13,224,13,0,9,0,9,9,0,405,43,43,6,0,216,36,53,54,37951,PASS,b9c4ee52e1d7b1d046c265af10e805a6a27e1fb3cd66f6ff45784a91f5102237
R09,BASELINE,1273,11,15,15,192,15,0,11,0,11,11,0,411,44,44,2,0,218,36,53,54,38497,PASS,1f181ba11fc2f9a32177766e6dd393da6af1ec8228a0d75a98fc7f08cbc0c3f1
R09,COMPACT_EA,1271,11,15,15,192,15,0,11,0,11,11,0,409,44,44,6,0,218,36,53,54,38463,PASS,6fed5e7695c2c66a9738250cc2bb80744e0ce2e52f0cb7bb0deb978339adea13
R09,SCALAR,1278,10,14,14,192,14,0,10,0,10,10,0,411,45,45,2,0,220,36,53,54,38790,PASS,66a7faa392ad31b71c9cef29a5b229f02ea75d7adf062e0006a6d25363fe13e6
R09,COMPACT_EA_SCALAR,1276,10,14,14,192,14,0,10,0,10,10,0,409,45,45,4,0,220,36,53,54,38756,PASS,f58911daa32d61db0f5dff2cdf378fe2baedbbe82b150e5964eaf9d9dbcf3d62
R10,BASELINE,1273,11,15,15,192,15,0,11,0,11,11,0,411,44,44,2,0,218,36,53,54,38497,PASS,879aedbc0a43402ef7e86862abf0d6a82ef7c2c88f3c3eeac936dff9e001d933
R10,COMPACT_EA,1271,11,15,15,192,15,0,11,0,11,11,0,409,44,44,6,0,218,36,53,54,38463,PASS,50e7d11cb9b05b615c7247634b9c437ccb3c5d179e3f7fe561c24548501e19e9
R10,SCALAR,1278,10,14,14,192,14,0,10,0,10,10,0,411,45,45,2,0,220,36,53,54,38790,PASS,3f862596bcf5a697cdeec6dec9ffcc2fc4c4b7affcfb5ae732e870fa3651f171
R10,COMPACT_EA_SCALAR,1276,10,14,14,192,14,0,10,0,10,10,0,409,45,45,4,0,220,36,53,54,38756,PASS,94aeb65f347b12f564d283ffe808adfa2ccb65a851daa5b4c014358a9c254589
R11,BASELINE,1273,11,15,15,192,15,0,11,0,11,11,0,411,44,44,2,0,218,36,53,54,38497,PASS,430385c61b51a3899f52233b21359a9897479e5e349038e7f99377a1f337e45a
R11,COMPACT_EA,1271,11,15,15,192,15,0,11,0,11,11,0,409,44,44,6,0,218,36,53,54,38463,PASS,4d5f43e01b8503d9d338b9630aadb577d9f89d2735fe613743b374fde5e1ca83
R11,SCALAR,1278,10,14,14,192,14,0,10,0,10,10,0,411,45,45,2,0,220,36,53,54,38790,PASS,18b012506f33145a6dfcd05e66e1dfb4fcadeeac984439ea7f24065396dab23f
R11,COMPACT_EA_SCALAR,1276,10,14,14,192,14,0,10,0,10,10,0,409,45,45,4,0,220,36,53,54,38756,PASS,27ca441458d3c1b641379ded38e73d6c5929f200aa67f959af3dae477ac58c5e
R12,BASELINE,1273,11,15,15,192,15,0,11,0,11,11,0,411,44,44,2,0,218,36,53,54,38498,PASS,5d5a15e808c72b451d851b6f8b522c9444916b3b0dac92ed9afb0d254db811c6
R12,COMPACT_EA,1271,11,15,15,192,15,0,11,0,11,11,0,409,44,44,6,0,218,36,53,54,38464,PASS,fb459ac41325bfc24b4dbc526bddac2d89b942f32f7e70249139769e06935ce5
R12,SCALAR,1278,10,14,14,192,14,0,10,0,10,10,0,411,45,45,2,0,220,36,53,54,38791,PASS,6a685085bf6a75104eeaa9ca5cbd5c0c0cbadf4c5981531e0bb89137d27dbeab
R12,COMPACT_EA_SCALAR,1276,10,14,14,192,14,0,10,0,10,10,0,409,45,45,4,0,220,36,53,54,38757,PASS,ae7cc5558e3bc6b3d9fe7ff6154a678054876356c14a6062a1ec84bee207eb26
R13,BASELINE,1273,11,15,15,192,15,0,11,0,11,11,0,411,44,44,2,0,218,36,53,54,38498,PASS,cc5e8eb71ec37349b91397811b6af8ff0ba02784d1129128d594c80f72d5ebb0
R13,COMPACT_EA,1271,11,15,15,192,15,0,11,0,11,11,0,409,44,44,6,0,218,36,53,54,38464,PASS,875936a5801195ecc59fef067f2f0f4162c9f6761ef9a3a980cd69710fb0f4b3
R13,SCALAR,1278,10,14,14,192,14,0,10,0,10,10,0,411,45,45,2,0,220,36,53,54,38791,PASS,86bde3fc07b503823eb93c96e0dd6bfc6f47df1a81cdb738a8c62fac8db1bfe6
R13,COMPACT_EA_SCALAR,1276,10,14,14,192,14,0,10,0,10,10,0,409,45,45,4,0,220,36,53,54,38757,PASS,83a98e2aaa0dab0e4db59cf2abe742314e9c781c68190699dd5e386542ae6447
R14,BASELINE,1273,11,15,15,192,15,0,11,0,11,11,0,411,44,44,2,0,218,36,53,54,38498,PASS,29f9c07ac6636f8a5c25b0740ea707b0be35a53782b137ce155c70a4a00fdbb3
R14,COMPACT_EA,1271,11,15,15,192,15,0,11,0,11,11,0,409,44,44,6,0,218,36,53,54,38464,PASS,b03a86cdc94ec80a7718e6c2988befd72de690a741e572871d60b37e5931af4e
R14,SCALAR,1278,10,14,14,192,14,0,10,0,10,10,0,411,45,45,2,0,220,36,53,54,38791,PASS,9da793203bb5cc42383eb942dc8d693301b48a7984afa8a816ed201ae041c377
R14,COMPACT_EA_SCALAR,1276,10,14,14,192,14,0,10,0,10,10,0,409,45,45,4,0,220,36,53,54,38757,PASS,654e3877d29f741c76e31f40c041942db8a4e6f54d9afa5ec49e5f632b78acbe
R15,BASELINE,1273,11,15,15,192,15,0,11,0,11,11,0,411,44,44,2,0,218,36,53,54,38498,PASS,45c964e727f22d3b579775e95134e2370c528aa785fbffdff43b532836af5010
R15,COMPACT_EA,1271,11,15,15,192,15,0,11,0,11,11,0,409,44,44,6,0,218,36,53,54,38464,PASS,6ffdba39b27bdb528cdf7f9106351e385b3514b857c0be63c40100a04a4759fc
R15,SCALAR,1278,10,14,14,192,14,0,10,0,10,10,0,411,45,45,2,0,220,36,53,54,38791,PASS,3fe4862f801e7092aa1167bf0a271e3066f581d578f3181e898a3a161120b9ce
R15,COMPACT_EA_SCALAR,1276,10,14,14,192,14,0,10,0,10,10,0,409,45,45,4,0,220,36,53,54,38757,PASS,37a14f7df91026b8e2f1e150e705153729c1a9d2f996055ee7d7a1e11a118d88
R16,BASELINE,1273,11,15,15,192,15,0,11,0,11,11,0,411,44,44,2,0,218,36,53,54,38499,PASS,de229fa69aa23bf815d2398d42ead173a06d0c96d082ab0b4dfb88473a1e340c
R16,COMPACT_EA,1271,11,15,15,192,15,0,11,0,11,11,0,409,44,44,6,0,218,36,53,54,38465,PASS,340a7d0022c8dde224f9dd5265ce263c6575ecc3b2e918ab6bd64e35f7a5f411
R16,SCALAR,1278,10,14,14,192,14,0,10,0,10,10,0,411,45,45,2,0,220,36,53,54,38792,PASS,16f1facb1ee6dde06f0cb6c2f873aacc3cef4f7f4b3dffba05ab43808ec9f07d
R16,COMPACT_EA_SCALAR,1276,10,14,14,192,14,0,10,0,10,10,0,409,45,45,4,0,220,36,53,54,38758,PASS,85c2822d6f7c1a97f8e041ae246a9ad734997e38988312cda2b66b8f11ee676e
R17,BASELINE,1335,16,25,25,224,25,2,14,2,14,14,2,427,53,53,6,0,233,37,54,54,41737,PASS,20393a584dd7d80a90610cd618b09de5bb415248a99e73a65448fd2c2f39e2ea
R17,COMPACT_EA,1333,16,25,25,224,25,2,14,2,14,14,2,425,53,53,10,0,233,37,54,54,41703,PASS,c75de1a86bce5d691aca439373b5eb930b0bc6ce1f0ab15462031d2b74461bc6
R17,SCALAR,1335,16,25,25,224,25,2,14,2,14,14,2,427,53,53,6,0,233,37,54,54,41737,PASS,20393a584dd7d80a90610cd618b09de5bb415248a99e73a65448fd2c2f39e2ea
R17,COMPACT_EA_SCALAR,1333,16,25,25,224,25,2,14,2,14,14,2,425,53,53,10,0,233,37,54,54,41703,PASS,c75de1a86bce5d691aca439373b5eb930b0bc6ce1f0ab15462031d2b74461bc6
R18,BASELINE,1335,16,25,25,240,25,2,14,2,14,14,2,427,53,53,6,0,233,37,54,54,41737,PASS,9874ef605d1dd03b998a9e88e6e26f2be20b25561ac71352267c9945360c91c6
R18,COMPACT_EA,1333,16,25,25,240,25,2,14,2,14,14,2,425,53,53,10,0,233,37,54,54,41703,PASS,12d443b77eabd7f37a7b6ef66f48c0df92037c9c90c38d9e8753160f6ca9296f
R18,SCALAR,1335,16,25,25,240,25,2,14,2,14,14,2,427,53,53,6,0,233,37,54,54,41737,PASS,9874ef605d1dd03b998a9e88e6e26f2be20b25561ac71352267c9945360c91c6
R18,COMPACT_EA_SCALAR,1333,16,25,25,240,25,2,14,2,14,14,2,425,53,53,10,0,233,37,54,54,41703,PASS,12d443b77eabd7f37a7b6ef66f48c0df92037c9c90c38d9e8753160f6ca9296f
R19,BASELINE,1335,16,25,25,224,25,2,14,2,14,14,2,427,53,53,6,0,233,37,54,54,41737,PASS,3198fb405a823a871e3e86fc9474c356013c7264f79c1a3cf866f74c00466b8d
R19,COMPACT_EA,1333,16,25,25,224,25,2,14,2,14,14,2,425,53,53,10,0,233,37,54,54,41703,PASS,9837ce6eccfab5d9c14be44ffcb38b54241b8da7ede398fc53c52a9266b46ae0
R19,SCALAR,1335,16,25,25,224,25,2,14,2,14,14,2,427,53,53,6,0,233,37,54,54,41737,PASS,3198fb405a823a871e3e86fc9474c356013c7264f79c1a3cf866f74c00466b8d
R19,COMPACT_EA_SCALAR,1333,16,25,25,224,25,2,14,2,14,14,2,425,53,53,10,0,233,37,54,54,41703,PASS,9837ce6eccfab5d9c14be44ffcb38b54241b8da7ede398fc53c52a9266b46ae0
R20,BASELINE,1335,16,25,25,208,25,2,14,2,14,14,2,427,53,53,6,0,233,37,54,54,41737,PASS,78bfd1320be7a90f1b3dfb622d3765ccc27910dff42d37cc6e0a24891584474c
R20,COMPACT_EA,1333,16,25,25,208,25,2,14,2,14,14,2,425,53,53,10,0,233,37,54,54,41703,PASS,1f30c822e2ed7a1f2a6d5e0a66bf4721a222d8836c93950fc63177afd5b3cd9a
R20,SCALAR,1335,16,25,25,208,25,2,14,2,14,14,2,427,53,53,6,0,233,37,54,54,41737,PASS,78bfd1320be7a90f1b3dfb622d3765ccc27910dff42d37cc6e0a24891584474c
R20,COMPACT_EA_SCALAR,1333,16,25,25,208,25,2,14,2,14,14,2,425,53,53,10,0,233,37,54,54,41703,PASS,1f30c822e2ed7a1f2a6d5e0a66bf4721a222d8836c93950fc63177afd5b3cd9a
R21,BASELINE,1329,13,17,17,224,17,0,13,0,13,13,0,424,52,52,2,0,235,36,53,54,41432,PASS,a741b32e1c1a12cea93d3ccd93e6471343430a2ee6fe24fcee5f04b37d26d7a3
R21,COMPACT_EA,1326,13,17,17,224,17,0,13,0,13,13,0,421,52,52,8,0,235,36,53,54,41381,PASS,e4e8d27743085b1380b11ed29a48ac715cc9a53bc590211f1afe8fb8091cdef3
R21,SCALAR,1329,13,17,17,224,17,0,13,0,13,13,0,424,52,52,2,0,235,36,53,54,41432,PASS,a741b32e1c1a12cea93d3ccd93e6471343430a2ee6fe24fcee5f04b37d26d7a3
R21,COMPACT_EA_SCALAR,1326,13,17,17,224,17,0,13,0,13,13,0,421,52,52,8,0,235,36,53,54,41381,PASS,e4e8d27743085b1380b11ed29a48ac715cc9a53bc590211f1afe8fb8091cdef3
R22,BASELINE,1329,13,17,17,224,17,0,13,0,13,13,0,424,52,52,2,0,235,36,53,54,41432,PASS,9e8158aaf0f95f1bced521d8d1ab10127d84b51e331eb4336046b05b26effd54
R22,COMPACT_EA,1326,13,17,17,224,17,0,13,0,13,13,0,421,52,52,8,0,235,36,53,54,41381,PASS,b27edb2b2b153ae8f6e962b64fb157c756ea0b3a379481634d515828f2c1b7e6
R22,SCALAR,1329,13,17,17,224,17,0,13,0,13,13,0,424,52,52,2,0,235,36,53,54,41432,PASS,9e8158aaf0f95f1bced521d8d1ab10127d84b51e331eb4336046b05b26effd54
R22,COMPACT_EA_SCALAR,1326,13,17,17,224,17,0,13,0,13,13,0,421,52,52,8,0,235,36,53,54,41381,PASS,b27edb2b2b153ae8f6e962b64fb157c756ea0b3a379481634d515828f2c1b7e6
R23,BASELINE,1329,13,17,17,224,17,0,13,0,13,13,0,424,52,52,2,0,235,36,53,54,41432,PASS,59bcbcd35c02c20645a9627bfb705212e7e5ee061b4551034e5e07a40e0dedc5
R23,COMPACT_EA,1326,13,17,17,224,17,0,13,0,13,13,0,421,52,52,8,0,235,36,53,54,41381,PASS,13aff0e9a705381d6737e7ad7f93aa498ec59f249c3cc5edf1f1b0a62a6dcb13
R23,SCALAR,1329,13,17,17,224,17,0,13,0,13,13,0,424,52,52,2,0,235,36,53,54,41432,PASS,59bcbcd35c02c20645a9627bfb705212e7e5ee061b4551034e5e07a40e0dedc5
R23,COMPACT_EA_SCALAR,1326,13,17,17,224,17,0,13,0,13,13,0,421,52,52,8,0,235,36,53,54,41381,PASS,13aff0e9a705381d6737e7ad7f93aa498ec59f249c3cc5edf1f1b0a62a6dcb13
R24,BASELINE,1329,13,17,17,224,17,0,13,0,13,13,0,424,52,52,2,0,235,36,53,54,41432,PASS,2d28de3170bf33e1fd927ed87f1413b1b478a02118878e02403afd512846c591
R24,COMPACT_EA,1326,13,17,17,224,17,0,13,0,13,13,0,421,52,52,8,0,235,36,53,54,41381,PASS,a1e671a9e8bc3e845633675f446f821e1bcbb68362b06cade5125b74ce30627f
R24,SCALAR,1329,13,17,17,224,17,0,13,0,13,13,0,424,52,52,2,0,235,36,53,54,41432,PASS,2d28de3170bf33e1fd927ed87f1413b1b478a02118878e02403afd512846c591
R24,COMPACT_EA_SCALAR,1326,13,17,17,224,17,0,13,0,13,13,0,421,52,52,8,0,235,36,53,54,41381,PASS,a1e671a9e8bc3e845633675f446f821e1bcbb68362b06cade5125b74ce30627f
R25,BASELINE,0,0,0,0,0,0,0,0,0,0,0,0,0,0,0,0,0,0,0,0,0,0,DEFERRED_BY_BACKEND_CONTRACT,
R25,COMPACT_EA,0,0,0,0,0,0,0,0,0,0,0,0,0,0,0,0,0,0,0,0,0,0,DEFERRED_BY_BACKEND_CONTRACT,
R25,SCALAR,0,0,0,0,0,0,0,0,0,0,0,0,0,0,0,0,0,0,0,0,0,0,DEFERRED_BY_BACKEND_CONTRACT,
R25,COMPACT_EA_SCALAR,0,0,0,0,0,0,0,0,0,0,0,0,0,0,0,0,0,0,0,0,0,0,DEFERRED_BY_BACKEND_CONTRACT,
R26,BASELINE,0,0,0,0,0,0,0,0,0,0,0,0,0,0,0,0,0,0,0,0,0,0,DEFERRED_BY_BACKEND_CONTRACT,
R26,COMPACT_EA,0,0,0,0,0,0,0,0,0,0,0,0,0,0,0,0,0,0,0,0,0,0,DEFERRED_BY_BACKEND_CONTRACT,
R26,SCALAR,0,0,0,0,0,0,0,0,0,0,0,0,0,0,0,0,0,0,0,0,0,0,DEFERRED_BY_BACKEND_CONTRACT,
R26,COMPACT_EA_SCALAR,0,0,0,0,0,0,0,0,0,0,0,0,0,0,0,0,0,0,0,0,0,0,DEFERRED_BY_BACKEND_CONTRACT,
R27,BASELINE,0,0,0,0,0,0,0,0,0,0,0,0,0,0,0,0,0,0,0,0,0,0,DEFERRED_BY_BACKEND_CONTRACT,
R27,COMPACT_EA,0,0,0,0,0,0,0,0,0,0,0,0,0,0,0,0,0,0,0,0,0,0,DEFERRED_BY_BACKEND_CONTRACT,
R27,SCALAR,0,0,0,0,0,0,0,0,0,0,0,0,0,0,0,0,0,0,0,0,0,0,DEFERRED_BY_BACKEND_CONTRACT,
R27,COMPACT_EA_SCALAR,0,0,0,0,0,0,0,0,0,0,0,0,0,0,0,0,0,0,0,0,0,0,DEFERRED_BY_BACKEND_CONTRACT,
R28,BASELINE,0,0,0,0,0,0,0,0,0,0,0,0,0,0,0,0,0,0,0,0,0,0,DEFERRED_BY_BACKEND_CONTRACT,
R28,COMPACT_EA,0,0,0,0,0,0,0,0,0,0,0,0,0,0,0,0,0,0,0,0,0,0,DEFERRED_BY_BACKEND_CONTRACT,
R28,SCALAR,0,0,0,0,0,0,0,0,0,0,0,0,0,0,0,0,0,0,0,0,0,0,DEFERRED_BY_BACKEND_CONTRACT,
R28,COMPACT_EA_SCALAR,0,0,0,0,0,0,0,0,0,0,0,0,0,0,0,0,0,0,0,0,0,0,DEFERRED_BY_BACKEND_CONTRACT,
E01,BASELINE,1258,20,24,24,224,24,4,16,4,16,16,4,405,40,40,9,0,216,37,54,54,38072,PASS,491d91b381ddb6ac67d02761709aa82496f79dae3b6ebb44a6bebc2ca05b2266
E01,COMPACT_EA,1258,20,24,24,224,24,4,16,4,16,16,4,405,40,40,9,0,216,37,54,54,38072,PASS,491d91b381ddb6ac67d02761709aa82496f79dae3b6ebb44a6bebc2ca05b2266
E01,SCALAR,1258,20,24,24,224,24,4,16,4,16,16,4,405,40,40,9,0,216,37,54,54,38072,PASS,491d91b381ddb6ac67d02761709aa82496f79dae3b6ebb44a6bebc2ca05b2266
E01,COMPACT_EA_SCALAR,1258,20,24,24,224,24,4,16,4,16,16,4,405,40,40,9,0,216,37,54,54,38072,PASS,491d91b381ddb6ac67d02761709aa82496f79dae3b6ebb44a6bebc2ca05b2266
E02,BASELINE,1193,8,9,9,192,9,0,8,0,8,8,0,381,32,32,1,0,204,36,53,54,35268,PASS,fa9df462138032c61d340e3e3647cfd486226a43fb7aece4b3326bee60c1157a
E02,COMPACT_EA,1193,8,9,9,192,9,0,8,0,8,8,0,381,32,32,1,0,204,36,53,54,35268,PASS,fa9df462138032c61d340e3e3647cfd486226a43fb7aece4b3326bee60c1157a
E02,SCALAR,1193,8,9,9,192,9,0,8,0,8,8,0,381,32,32,1,0,204,36,53,54,35268,PASS,fa9df462138032c61d340e3e3647cfd486226a43fb7aece4b3326bee60c1157a
E02,COMPACT_EA_SCALAR,1193,8,9,9,192,9,0,8,0,8,8,0,381,32,32,1,0,204,36,53,54,35268,PASS,fa9df462138032c61d340e3e3647cfd486226a43fb7aece4b3326bee60c1157a
E03,BASELINE,1293,19,22,22,240,22,2,17,2,17,17,2,410,45,45,5,0,226,37,54,54,40269,PASS,d16110f52656fe33d5ffd7a96096d95e721959bce2524564a299e09e73ceb35c
E03,COMPACT_EA,1293,19,22,22,240,22,2,17,2,17,17,2,410,45,45,5,0,226,37,54,54,40269,PASS,d16110f52656fe33d5ffd7a96096d95e721959bce2524564a299e09e73ceb35c
E03,SCALAR,1293,19,22,22,240,22,2,17,2,17,17,2,410,45,45,5,0,226,37,54,54,40269,PASS,d16110f52656fe33d5ffd7a96096d95e721959bce2524564a299e09e73ceb35c
E03,COMPACT_EA_SCALAR,1293,19,22,22,240,22,2,17,2,17,17,2,410,45,45,5,0,226,37,54,54,40269,PASS,d16110f52656fe33d5ffd7a96096d95e721959bce2524564a299e09e73ceb35c
