function_fingerprint,recommended_policy,recommendation_reason,recommendation_is_pareto,recommendation_hard_regression,fallback_used
d58b697de710e88945cb0ff16f51acb8f23b259b46edfe138fd7141dc05bd629,COMPACT_EA,indexed_memory_without_escape,True,False,False
9496bf5ff26b57a87fdd8968cfb9d0da05a5df6164209212f3566b1e2e13caa5,COMPACT_EA,indexed_memory_without_escape,True,False,False
658e2b684511a7c2c8cd2f237196dd5abbf3bbd704810abfc406d69dd7003877,COMPACT_EA,indexed_memory_without_escape,True,False,False
05ce349a7d0af6d2e914287c0c6ecb895e053e5fec74ddd2f9edf7fb5a2c3786,COMPACT_EA,indexed_memory_without_escape,True,False,False
e656cd9d8349d611e7cc45ae1825cd62d6e8ca1d9625b8e27e8aff78554acdd3,COMPACT_EA,indexed_memory_without_escape,True,False,False
d58b697de710e88945cb0ff16f51acb8f23b259b46edfe138fd7141dc05bd629,COMPACT_EA,indexed_memory_without_escape,True,False,False
c5c99f545856cd161e2de74c29264ef9a79eac56431e581788a9bb8c101967a5,BASELINE,insufficient_structural_evidence,True,False,True
17becb1dbda0fe946cd712cde82178da4dd407901c7d3d0574865cd04d71fbdc,COMPACT_EA_SCALAR,indexed_memory_and_alias_safe_scalar,True,False,False
1217188e855c1b2ad2c4875071e5d1a2f638c27712a15cdf260ab3d616fd3119,COMPACT_EA,indexed_memory_without_escape,True,False,False
cd1ca7828b6e8d5d2bd48bf183df2cd0e803effee0841a7f3d141e9d68d581d2,BASELINE,insufficient_structural_evidence,True,False,True
d1791856c85a59992b6ca1ac8c78e2c1bbe255b56828a0eb22885c9ead627968,BASELINE,call_barrier_fallback,False,False,True
8b028d8ada6da5c953b33f7584379f381bb45ae219812305e0abbe6c03387597,BASELINE,reference_or_address_escape_fallback,False,False,True
cb37c917f9f8bc19606dd1200e0ebe279781d2b481e285cf76154e40f3ccf6d8,BASELINE,insufficient_structural_evidence,True,False,True
f10205e4080012d7920d09da60cc3ce8402eecd551b16614357dab0ab99b6635,BASELINE,call_barrier_fallback,True,False,True
8c2deadf0b366f05d524052d095f4af7ec5972872371322d79689f7ed15e4629,BASELINE,insufficient_structural_evidence,True,False,True
58faf82defe5a873b59b7f546a68263d8a56dd3848219f4efa78d07f39cbd917,BASELINE,call_barrier_fallback,True,False,True
aceeafdd6e438069f88e51089399eab9da6036a41276bc338cb01747dfd1d5b1,BASELINE,call_barrier_fallback,True,False,True
e40d488584927fe47268c1521f53328cfd90475fb8b3debb6f584eac67ccde3b,BASELINE,call_barrier_fallback,True,False,True
9a5c79ebd113751f4010bc3c7ea32499420d82acfb41525ae2604b739ec41227,BASELINE,insufficient_structural_evidence,True,False,True
8c2deadf0b366f05d524052d095f4af7ec5972872371322d79689f7ed15e4629,BASELINE,insufficient_structural_evidence,True,False,True
05ce349a7d0af6d2e914287c0c6ecb895e053e5fec74ddd2f9edf7fb5a2c3786,COMPACT_EA,indexed_memory_without_escape,True,False,False
ae773760465223ce30ad73cff98d2b1b1dd7c7d851c4867504a7bb950e29a6cc,BASELINE,insufficient_structural_evidence,True,False,True
1217188e855c1b2ad2c4875071e5d1a2f638c27712a15cdf260ab3d616fd3119,COMPACT_EA,indexed_memory_without_escape,True,False,False
cd1ca7828b6e8d5d2bd48bf183df2cd0e803effee0841a7f3d141e9d68d581d2,BASELINE,insufficient_structural_evidence,True,False,True
56d62fc583637d7d9dcad84a22d1734a697ff75f4cdffde48d07cae387a708eb,BASELINE,insufficient_structural_evidence,True,False,True
cacafbd008cd84bb23c1caa047c5b2914090ca6008754b657bab40695067c605,BASELINE,insufficient_structural_evidence,True,False,True
cb37c917f9f8bc19606dd1200e0ebe279781d2b481e285cf76154e40f3ccf6d8,BASELINE,insufficient_structural_evidence,True,False,True
6298ce38bd7be81fb9668ac0f7f7ec6582f3bc1a36fa2807c2d8dbc70fe5b299,BASELINE,insufficient_structural_evidence,True,False,True
d1791856c85a59992b6ca1ac8c78e2c1bbe255b56828a0eb22885c9ead627968,BASELINE,call_barrier_fallback,False,False,True
ae773760465223ce30ad73cff98d2b1b1dd7c7d851c4867504a7bb950e29a6cc,BASELINE,insufficient_structural_evidence,True,False,True
9a5c79ebd113751f4010bc3c7ea32499420d82acfb41525ae2604b739ec41227,BASELINE,insufficient_structural_evidence,True,False,True
8c2deadf0b366f05d524052d095f4af7ec5972872371322d79689f7ed15e4629,BASELINE,insufficient_structural_evidence,True,False,True
05ce349a7d0af6d2e914287c0c6ecb895e053e5fec74ddd2f9edf7fb5a2c3786,COMPACT_EA,indexed_memory_without_escape,True,False,False
60f28f2cf3a4a9da63c4467120ec83987565746dde90367853426990969252cc,BASELINE,insufficient_structural_evidence,True,False,True
ae773760465223ce30ad73cff98d2b1b1dd7c7d851c4867504a7bb950e29a6cc,BASELINE,insufficient_structural_evidence,True,False,True
cb37c917f9f8bc19606dd1200e0ebe279781d2b481e285cf76154e40f3ccf6d8,BASELINE,insufficient_structural_evidence,True,False,True
56d62fc583637d7d9dcad84a22d1734a697ff75f4cdffde48d07cae387a708eb,BASELINE,insufficient_structural_evidence,True,False,True
aceeafdd6e438069f88e51089399eab9da6036a41276bc338cb01747dfd1d5b1,BASELINE,call_barrier_fallback,True,False,True
aceeafdd6e438069f88e51089399eab9da6036a41276bc338cb01747dfd1d5b1,BASELINE,call_barrier_fallback,True,False,True
58faf82defe5a873b59b7f546a68263d8a56dd3848219f4efa78d07f39cbd917,BASELINE,call_barrier_fallback,True,False,True
f10205e4080012d7920d09da60cc3ce8402eecd551b16614357dab0ab99b6635,BASELINE,call_barrier_fallback,True,False,True
aceeafdd6e438069f88e51089399eab9da6036a41276bc338cb01747dfd1d5b1,BASELINE,call_barrier_fallback,True,False,True
8b028d8ada6da5c953b33f7584379f381bb45ae219812305e0abbe6c03387597,BASELINE,reference_or_address_escape_fallback,False,False,True
8b028d8ada6da5c953b33f7584379f381bb45ae219812305e0abbe6c03387597,BASELINE,reference_or_address_escape_fallback,False,False,True
8b028d8ada6da5c953b33f7584379f381bb45ae219812305e0abbe6c03387597,BASELINE,reference_or_address_escape_fallback,False,False,True
d1791856c85a59992b6ca1ac8c78e2c1bbe255b56828a0eb22885c9ead627968,BASELINE,call_barrier_fallback,False,False,True
e656cd9d8349d611e7cc45ae1825cd62d6e8ca1d9625b8e27e8aff78554acdd3,COMPACT_EA,indexed_memory_without_escape,True,False,False
1217188e855c1b2ad2c4875071e5d1a2f638c27712a15cdf260ab3d616fd3119,COMPACT_EA,indexed_memory_without_escape,True,False,False
d1791856c85a59992b6ca1ac8c78e2c1bbe255b56828a0eb22885c9ead627968,BASELINE,call_barrier_fallback,False,False,True
e40d488584927fe47268c1521f53328cfd90475fb8b3debb6f584eac67ccde3b,BASELINE,call_barrier_fallback,True,False,True
aceeafdd6e438069f88e51089399eab9da6036a41276bc338cb01747dfd1d5b1,BASELINE,call_barrier_fallback,True,False,True
1217188e855c1b2ad2c4875071e5d1a2f638c27712a15cdf260ab3d616fd3119,COMPACT_EA,indexed_memory_without_escape,True,False,False
e656cd9d8349d611e7cc45ae1825cd62d6e8ca1d9625b8e27e8aff78554acdd3,COMPACT_EA,indexed_memory_without_escape,True,False,False
658e2b684511a7c2c8cd2f237196dd5abbf3bbd704810abfc406d69dd7003877,COMPACT_EA,indexed_memory_without_escape,True,False,False
56d62fc583637d7d9dcad84a22d1734a697ff75f4cdffde48d07cae387a708eb,BASELINE,insufficient_structural_evidence,True,False,True
56d62fc583637d7d9dcad84a22d1734a697ff75f4cdffde48d07cae387a708eb,BASELINE,insufficient_structural_evidence,True,False,True
8b028d8ada6da5c953b33f7584379f381bb45ae219812305e0abbe6c03387597,BASELINE,reference_or_address_escape_fallback,False,False,True
8b028d8ada6da5c953b33f7584379f381bb45ae219812305e0abbe6c03387597,BASELINE,reference_or_address_escape_fallback,False,False,True
cacafbd008cd84bb23c1caa047c5b2914090ca6008754b657bab40695067c605,BASELINE,insufficient_structural_evidence,True,False,True
d58b697de710e88945cb0ff16f51acb8f23b259b46edfe138fd7141dc05bd629,COMPACT_EA,indexed_memory_without_escape,True,False,False
5f9070866266fc31c5a0a72c0d365dd20da45d89042800686f452e866c22a2cd,COMPACT_EA,indexed_memory_without_escape,True,False,False
5f9070866266fc31c5a0a72c0d365dd20da45d89042800686f452e866c22a2cd,COMPACT_EA,indexed_memory_without_escape,True,False,False
ca6448d0755f5b65b5f824931f5c7cc419fb54b1ee29093f3d46d03017815ce2,COMPACT_EA,indexed_memory_without_escape,True,False,False
86ff4e9c472d5b9082c5505c30e5212a31ce32bd36b32da582e37cb83305d3f5,COMPACT_EA,indexed_memory_without_escape,True,False,False
5f9070866266fc31c5a0a72c0d365dd20da45d89042800686f452e866c22a2cd,COMPACT_EA,indexed_memory_without_escape,True,False,False
1217188e855c1b2ad2c4875071e5d1a2f638c27712a15cdf260ab3d616fd3119,COMPACT_EA,indexed_memory_without_escape,True,False,False
05ce349a7d0af6d2e914287c0c6ecb895e053e5fec74ddd2f9edf7fb5a2c3786,COMPACT_EA,indexed_memory_without_escape,True,False,False
5f9070866266fc31c5a0a72c0d365dd20da45d89042800686f452e866c22a2cd,COMPACT_EA,indexed_memory_without_escape,True,False,False
40ee1089a1a550f44bca23ebffd51248bab3477244fe24698757f28a8034e9d2,COMPACT_EA_SCALAR,indexed_memory_and_alias_safe_scalar,True,False,False
40ee1089a1a550f44bca23ebffd51248bab3477244fe24698757f28a8034e9d2,COMPACT_EA_SCALAR,indexed_memory_and_alias_safe_scalar,True,False,False
40ee1089a1a550f44bca23ebffd51248bab3477244fe24698757f28a8034e9d2,COMPACT_EA_SCALAR,indexed_memory_and_alias_safe_scalar,True,False,False
40ee1089a1a550f44bca23ebffd51248bab3477244fe24698757f28a8034e9d2,COMPACT_EA_SCALAR,indexed_memory_and_alias_safe_scalar,True,False,False
40ee1089a1a550f44bca23ebffd51248bab3477244fe24698757f28a8034e9d2,COMPACT_EA_SCALAR,indexed_memory_and_alias_safe_scalar,True,False,False
40ee1089a1a550f44bca23ebffd51248bab3477244fe24698757f28a8034e9d2,COMPACT_EA_SCALAR,indexed_memory_and_alias_safe_scalar,True,False,False
40ee1089a1a550f44bca23ebffd51248bab3477244fe24698757f28a8034e9d2,COMPACT_EA_SCALAR,indexed_memory_and_alias_safe_scalar,True,False,False
40ee1089a1a550f44bca23ebffd51248bab3477244fe24698757f28a8034e9d2,COMPACT_EA_SCALAR,indexed_memory_and_alias_safe_scalar,True,False,False
d1791856c85a59992b6ca1ac8c78e2c1bbe255b56828a0eb22885c9ead627968,BASELINE,call_barrier_fallback,False,False,True
d1791856c85a59992b6ca1ac8c78e2c1bbe255b56828a0eb22885c9ead627968,BASELINE,call_barrier_fallback,False,False,True
d1791856c85a59992b6ca1ac8c78e2c1bbe255b56828a0eb22885c9ead627968,BASELINE,call_barrier_fallback,False,False,True
b2799ea6338b20cb3e9701d01278d74c5cf4c380271ae7ee335a4ffdfb272711,BASELINE,call_barrier_fallback,False,False,True
c3b3edcd1a2ed675418ecc25c19640ed1916036271190ef24ed14953abe04983,COMPACT_EA,indexed_memory_without_escape,True,False,False
c3b3edcd1a2ed675418ecc25c19640ed1916036271190ef24ed14953abe04983,COMPACT_EA,indexed_memory_without_escape,True,False,False
c3b3edcd1a2ed675418ecc25c19640ed1916036271190ef24ed14953abe04983,COMPACT_EA,indexed_memory_without_escape,True,False,False
c3b3edcd1a2ed675418ecc25c19640ed1916036271190ef24ed14953abe04983,COMPACT_EA,indexed_memory_without_escape,True,False,False
8b028d8ada6da5c953b33f7584379f381bb45ae219812305e0abbe6c03387597,BASELINE,reference_or_address_escape_fallback,False,False,True
8b028d8ada6da5c953b33f7584379f381bb45ae219812305e0abbe6c03387597,BASELINE,reference_or_address_escape_fallback,False,False,True
8b028d8ada6da5c953b33f7584379f381bb45ae219812305e0abbe6c03387597,BASELINE,reference_or_address_escape_fallback,False,False,True
8b028d8ada6da5c953b33f7584379f381bb45ae219812305e0abbe6c03387597,BASELINE,reference_or_address_escape_fallback,False,False,True
777601916e1ddbb276f45a09439bb163c1f2e9da300ee4cfde5c5ec33427e373,BASELINE,call_barrier_fallback,True,False,True
749c9b5edb640efa45075697dfbfd9b657c12388c845aa5240c7e5092bda60f6,BASELINE,insufficient_structural_evidence,True,False,True
aceeafdd6e438069f88e51089399eab9da6036a41276bc338cb01747dfd1d5b1,BASELINE,call_barrier_fallback,True,False,True
